Date,Time,Site Name,Chlorophyll RFU,Chlorophyll ug/L,Cond uS/cm,Depth m,fDOM QSU,fDOM RFU,nLF Cond uS/cm,ODO % sat,ODO % local,ODO mg/L,Pressure psi a,Sal psu,SpCond uS/cm,BGA PC RFU,BGA PC ug/L,TDS mg/L,Turbidity FNU,TSS mg/L,Wiper Position volt,pH,pH mV,Temp C,Vertical Position m,GPS Latitude °,GPS Longitude °,Altitude m,Battery V,Cable Pwr V,Barometer mmHg
8/14/19,9:45:02,Miss wetland,0.12,-1.81,133.6,0.104,34.48,10.92,138.1,92.2,93.3,7.84,0.147,0.06,137.7,-0.06,-0.19,89,2,0,1.185,7.71,-51.8,23.43,0.06,44.94614,-73.14784,32,5.52,0,757.1
8/14/19,9:46:02,Miss wetland,0.19,-1.72,133.6,0.089,34.5,10.93,138.1,92.1,93.3,7.84,0.127,0.06,137.7,-0.13,-0.21,90,1.99,0,1.185,7.71,-51.6,23.441,0.045,44.94613,-73.14783,24.3,5.51,0,757.3
8/14/19,9:47:02,Miss wetland,0.17,-1.74,133.6,0.073,34.43,10.9,138.1,92.4,93.5,7.86,0.104,0.06,137.7,0,-0.17,89,1.91,0,1.185,7.69,-50.4,23.451,0.03,44.94616,-73.14787,27.7,5.48,0,757.2
8/14/19,9:48:02,Miss wetland,0.23,-1.68,133.7,0.085,33.97,10.75,138,94.4,95.5,8.02,0.12,0.06,137.6,0.06,-0.15,89,4.36,0,1.185,7.71,-51.9,23.505,0.014,44.94615,-73.14788,30.5,5.48,0,757.3
8/14/19,9:49:02,Miss wetland,0.17,-1.75,133.5,0.078,34.44,10.91,138,93,94.1,7.91,0.111,0.06,137.6,-0.07,-0.19,89,2.14,0,1.185,7.72,-52.6,23.433,0.027,44.94621,-73.14778,27,5.48,0,757.3
8/14/19,9:50:02,Miss wetland,0.09,-1.83,133.2,0.044,34.4,10.89,137.6,92.2,93.3,7.84,0.063,0.06,137.2,-0.11,-0.2,89,2.38,0,1.185,7.71,-51.7,23.459,-0.023,44.94628,-73.14771,29.2,5.46,0,757.3
8/14/19,9:51:02,Miss wetland,0.14,-1.78,133.3,0.036,34.46,10.91,137.7,92.3,93.4,7.84,0.051,0.06,137.3,-0.07,-0.19,89,1.98,0,1.185,7.7,-51.4,23.472,-0.006,44.94632,-73.14767,30.9,5.47,0,757.1
8/14/19,9:52:02,Miss wetland,0.03,-1.9,133.2,0.032,34.65,10.97,137.9,92.5,93.6,7.87,0.045,0.06,137.4,-0.08,-0.19,89,2.08,0,1.185,7.7,-51.4,23.398,-0.016,44.94656,-73.14746,31.4,5.44,0,757.3
8/14/19,9:53:02,Miss wetland,0.05,-1.88,133.8,0.037,34.81,11.03,138.6,91.8,92.9,7.82,0.053,0.06,138.2,-0.08,-0.19,90,2.19,0,1.185,7.69,-50.7,23.348,-0.013,44.94712,-73.14706,27.9,5.42,0,757.3
8/14/19,9:54:02,Miss wetland,0,-1.94,133.7,0.042,34.63,10.97,138.4,91.6,92.7,7.79,0.06,0.06,138,-0.07,-0.19,90,2.21,0,1.185,7.69,-50.4,23.384,0.001,44.94785,-73.14658,29.3,5.46,0,757.3
8/14/19,9:55:02,Miss wetland,0.03,-1.9,133.5,0.054,34.47,10.92,138.3,91.9,93,7.83,0.076,0.06,137.8,-0.04,-0.18,90,2.24,0,1.185,7.69,-50.7,23.37,-0.021,44.94837,-73.14639,29.5,5.45,0,757.3
8/14/19,9:56:02,Miss wetland,0.03,-1.9,133.6,0.038,34.5,10.93,138.3,92.3,93.4,7.86,0.053,0.06,137.9,-0.1,-0.2,90,2.12,0,1.185,7.7,-51.2,23.374,-0.007,44.94895,-73.14632,28.7,5.44,0,757.3
8/14/19,9:57:02,Miss wetland,0.04,-1.89,133.7,0.032,34.45,10.91,138.5,91.6,92.7,7.81,0.046,0.06,138.1,-0.08,-0.19,90,2.05,0,1.185,7.68,-50.3,23.355,-0.029,44.94965,-73.14641,28.4,5.45,0,757.3
8/14/19,9:58:02,Miss wetland,0.02,-1.91,134,0.039,34.37,10.88,138.7,91.3,92.3,7.77,0.055,0.06,138.3,-0.12,-0.2,90,2.19,0,1.185,7.68,-50,23.38,-0.024,44.95025,-73.14664,29.1,5.44,0,757.3
8/14/19,9:59:02,Miss wetland,-0.04,-1.98,134,0.042,34.32,10.87,138.7,90.5,91.6,7.71,0.06,0.06,138.3,0.01,-0.17,90,2.16,0,1.185,7.66,-48.8,23.372,-0.01,44.95084,-73.14688,28.5,5.44,0,757.3
8/14/19,10:00:02,Miss wetland,0.07,-1.85,133.9,0.048,34.5,10.93,138.7,90.3,91.4,7.69,0.068,0.06,138.3,-0.06,-0.19,90,2.29,0,1.185,7.66,-48.8,23.362,-0.001,44.95133,-73.14666,29.5,5.44,0,757.3
8/14/19,10:01:02,Miss wetland,0.06,-1.87,133.8,0.036,34.6,10.96,138.6,89.8,90.9,7.65,0.051,0.06,138.2,-0.18,-0.22,90,2.51,0,1.185,7.65,-48.2,23.34,-0.001,44.95154,-73.14589,32.4,5.41,0,757.3
8/14/19,10:02:02,Miss wetland,0.08,-1.84,134,0.04,34.34,10.87,138.7,91,92.1,7.75,0.057,0.06,138.3,-0.02,-0.17,90,2.78,0,1.185,7.67,-49.4,23.391,-0.001,44.95152,-73.145,42.8,5.41,0,757.3
8/14/19,10:03:02,Miss wetland,0.08,-1.84,133.9,0.046,34.49,10.92,138.7,89.6,90.7,7.63,0.066,0.06,138.2,-0.02,-0.17,90,2.68,0,1.185,7.64,-47.7,23.37,-0.016,44.95152,-73.14423,42.8,5.43,0,757.3
8/14/19,10:04:02,Miss wetland,0.12,-1.8,134.3,0.04,34.46,10.91,139,88.9,89.9,7.57,0.056,0.06,138.6,-0.02,-0.17,90,2.87,0,1.185,7.61,-46,23.377,-0.007,44.95177,-73.14346,34.4,5.42,0,757.3
8/14/19,10:05:02,Miss wetland,0.16,-1.75,134.4,0.034,34.47,10.92,139.1,89.1,90.1,7.58,0.049,0.06,138.6,-0.04,-0.18,90,3.03,0,1.185,7.61,-46.2,23.385,-0.008,44.95221,-73.14293,32.7,5.42,0,757.3
8/14/19,10:06:02,Miss wetland,0.17,-1.75,134.6,0.04,34.45,10.91,139.2,89.2,90.2,7.59,0.056,0.06,138.8,-0.03,-0.18,90,3.08,0,1.185,7.61,-46.2,23.412,-0.013,44.95273,-73.14259,33.4,5.42,0,757.3
8/14/19,10:07:02,Miss wetland,-0.02,-1.96,134.9,0.036,34.37,10.88,139.4,89.3,90.4,7.6,0.051,0.06,139,-0.06,-0.19,90,3.14,0,1.185,7.61,-46.1,23.438,0.023,44.95336,-73.14238,28.3,5.41,0,757.3
8/14/19,10:08:02,Miss wetland,-0.05,-1.99,135.2,0.056,34.37,10.88,139.7,89.3,90.4,7.59,0.08,0.06,139.3,-0.12,-0.2,91,3.41,0,1.185,7.61,-45.8,23.481,0.004,44.95396,-73.14227,26.6,5.42,0,757.3
8/14/19,10:09:02,Miss wetland,0.06,-1.87,135.6,0.042,34.39,10.89,140,91.2,92.3,7.75,0.06,0.06,139.6,0.01,-0.17,91,3.16,0,1.185,7.63,-47,23.504,-0.006,44.95452,-73.14226,31.9,5.42,0,757.3
8/14/19,10:10:02,Miss wetland,-0.08,-2.02,135.5,0.042,34.47,10.92,140,89.5,90.6,7.61,0.059,0.06,139.5,-0.08,-0.19,91,3.02,0,1.185,7.61,-45.8,23.477,-0.001,44.95512,-73.14238,35,5.4,0,757.3
8/14/19,10:11:02,Miss wetland,-0.06,-2,135.6,0.037,34.35,10.88,140,89.3,90.4,7.59,0.053,0.07,139.6,-0.1,-0.2,91,2.88,0,1.185,7.6,-45.5,23.488,-0.005,44.9557,-73.14245,32.8,5.39,0,757.4
8/14/19,10:12:02,Miss wetland,0.12,-1.8,135.4,0.038,34.63,10.97,140.1,89.1,90.1,7.58,0.053,0.07,139.6,-0.02,-0.17,91,3.02,0,1.185,7.6,-45.5,23.429,-0.01,44.9563,-73.14243,31.3,5.41,0,757.3
8/14/19,10:13:02,Miss wetland,0.12,-1.8,135.5,0.034,34.67,10.98,140.1,89,90.1,7.57,0.048,0.07,139.7,-0.04,-0.18,91,3.05,0,1.185,7.6,-45.5,23.43,-0.013,44.9569,-73.14226,32.6,5.41,0,757.3
8/14/19,10:14:02,Miss wetland,0.14,-1.78,135.6,0.037,34.8,11.02,140.1,88.9,90,7.56,0.052,0.07,139.7,-0.05,-0.18,91,3.12,0,1.185,7.61,-45.7,23.443,-0.005,44.95739,-73.1418,31.9,5.4,0,757.2
8/14/19,10:15:02,Miss wetland,-0.05,-1.98,135.7,0.038,34.6,10.96,140.1,88.9,90,7.56,0.053,0.07,139.7,-0.08,-0.19,91,2.95,0,1.185,7.6,-45.5,23.471,-0.005,44.95757,-73.14101,33.5,5.4,0,757.1
8/14/19,10:16:02,Miss wetland,0.02,-1.91,135.6,0.043,34.45,10.91,140.2,88.9,90,7.56,0.061,0.07,139.7,-0.05,-0.18,91,3,0,1.185,7.61,-45.7,23.431,-0.007,44.95769,-73.14019,31.9,5.4,0,757.3
8/14/19,10:17:02,Miss wetland,0.01,-1.92,136.3,0.04,34.87,11.05,140.9,88.6,89.6,7.53,0.057,0.07,140.4,-0.02,-0.17,91,2.99,0,1.185,7.58,-44.4,23.458,-0.003,44.9581,-73.13976,34.3,5.4,0,757.3
8/14/19,10:18:02,Miss wetland,-0.01,-1.95,136.5,0.042,34.75,11.01,141,88.5,89.6,7.53,0.06,0.07,140.6,-0.07,-0.19,91,3.11,0,1.185,7.57,-43.5,23.463,-0.006,44.9586,-73.13937,28.2,5.4,0,757.3
8/14/19,10:19:02,Miss wetland,0.05,-1.88,136.5,0.042,34.62,10.96,140.8,89.4,90.5,7.59,0.059,0.07,140.4,-0.07,-0.19,91,3.04,0,1.185,7.59,-44.8,23.537,-0.005,44.959,-73.13882,32.4,5.37,0,757.4
8/14/19,10:20:02,Miss wetland,-0.08,-2.02,136.5,0.034,34.63,10.97,140.7,89.2,90.3,7.57,0.048,0.07,140.4,-0.07,-0.19,91,3.06,0,1.185,7.6,-45.3,23.549,-0.01,44.95935,-73.13811,36,5.4,0,757.3
8/14/19,10:21:02,Miss wetland,0.04,-1.89,136.3,0.04,34.64,10.97,140.8,89,90,7.56,0.056,0.07,140.3,-0.02,-0.17,91,3.1,0,1.185,7.6,-45.5,23.486,-0.009,44.95924,-73.13737,34.5,5.4,0,757.3
8/14/19,10:22:02,Miss wetland,0.03,-1.9,136.6,0.046,34.46,10.91,140.8,89.4,90.5,7.58,0.065,0.07,140.4,-0.07,-0.19,91,3.01,0,1.185,7.6,-45.4,23.577,0.001,44.95903,-73.13676,32.7,5.38,0,757.4
8/14/19,10:23:02,Miss wetland,0.06,-1.87,136.7,0.043,34.49,10.92,140.9,89.3,90.4,7.58,0.061,0.07,140.5,-0.12,-0.2,91,2.96,0,1.185,7.6,-45.5,23.575,0.001,44.95873,-73.13613,29.6,5.39,0,757.3
8/14/19,10:24:02,Miss wetland,0.22,-1.69,136.6,0.042,34.78,11.02,141,89.3,90.3,7.58,0.06,0.07,140.6,-0.09,-0.19,91,2.91,0,1.185,7.6,-45.4,23.538,-0.008,44.9588,-73.13539,32.4,5.39,0,757.3
8/14/19,10:25:02,Miss wetland,0.01,-1.92,137.2,0.034,34.59,10.95,141.2,89.5,90.5,7.58,0.049,0.07,140.9,0,-0.17,92,2.97,0,1.185,7.6,-45.6,23.627,-0.014,44.95926,-73.13486,33.1,5.38,0,757.3
8/14/19,10:26:02,Miss wetland,0.24,-1.66,137,0.041,34.77,11.01,141.2,89.4,90.5,7.59,0.058,0.07,140.8,-0.08,-0.19,92,3.13,0,1.185,7.6,-45.4,23.559,-0.011,44.95979,-73.13454,30.2,5.38,0,757.3
8/14/19,10:27:02,Miss wetland,-0.01,-1.94,137.2,0.044,34.48,10.92,141.3,89.8,90.9,7.61,0.062,0.07,141,-0.15,-0.21,92,2.99,0,1.185,7.61,-45.9,23.617,-0.002,44.96037,-73.13436,29.8,5.38,0,757.3
8/14/19,10:28:02,Miss wetland,-0.13,-2.07,137.6,0.043,34.33,10.87,141.5,90,91.1,7.62,0.062,0.07,141.2,0.02,-0.16,92,3.28,0,1.185,7.6,-45.6,23.684,-0.008,44.96087,-73.13403,29.9,5.35,0,757.3
8/14/19,10:29:02,Miss wetland,-0.01,-1.95,137.6,0.057,34.54,10.94,141.6,90.3,91.3,7.64,0.08,0.07,141.2,-0.06,-0.19,92,3.46,0,1.185,7.62,-46.3,23.662,-0.009,44.96125,-73.13345,34.4,5.38,0,757.3
8/14/19,10:30:02,Miss wetland,-0.08,-2.02,137.7,0.044,34.42,10.9,141.6,90.8,91.9,7.68,0.062,0.07,141.3,-0.07,-0.19,92,3.36,0,1.185,7.62,-46.6,23.695,0,44.96159,-73.13281,32.2,5.38,0,757.3
8/14/19,10:31:02,Miss wetland,-0.02,-1.96,137.9,0.041,34.31,10.86,141.7,91.2,92.3,7.71,0.058,0.07,141.4,-0.02,-0.17,92,3.14,0,1.185,7.63,-47.3,23.731,0,44.96197,-73.13214,32.9,5.37,0,757.3
8/14/19,10:32:02,Miss wetland,-0.02,-1.95,138.5,0.042,34.12,10.8,142,93.1,94.2,7.86,0.06,0.07,141.7,-0.06,-0.19,92,3.02,0,1.185,7.66,-48.9,23.845,-0.008,44.96243,-73.13155,31,5.38,0,757.2
8/14/19,10:33:02,Miss wetland,0.03,-1.9,138.4,0.044,34.34,10.87,142,93.1,94.2,7.86,0.063,0.07,141.7,-0.12,-0.2,92,3.12,0,1.185,7.68,-49.8,23.777,-0.003,44.96299,-73.13139,29.6,5.38,0,757.3
8/14/19,10:34:02,Miss wetland,-0.04,-1.98,138.5,0.049,34,10.76,142.1,93.1,94.2,7.87,0.07,0.07,141.7,-0.03,-0.18,92,3.02,0,1.185,7.68,-49.9,23.812,0.007,44.96356,-73.13158,29.8,5.37,0,757.3
8/14/19,10:35:02,Miss wetland,-0.09,-2.03,138.9,0.055,34,10.76,142.2,94.6,95.7,7.97,0.078,0.07,141.9,-0.12,-0.2,92,2.96,0,1.185,7.71,-52,23.902,0.004,44.96407,-73.132,30.5,5.36,0,757.3
8/14/19,10:36:02,Miss wetland,-0.17,-2.12,139.3,0.039,33.79,10.69,142.3,94.6,95.8,7.97,0.056,0.07,142,-0.12,-0.2,92,2.8,0,1.185,7.71,-51.7,23.982,-0.006,44.9647,-73.13225,30.3,5.36,0,757.2
8/14/19,10:37:02,Miss wetland,-0.17,-2.12,139.5,0.044,33.87,10.72,142.3,94.6,95.8,7.96,0.062,0.07,142.1,0,-0.17,92,3.05,0,1.185,7.7,-51.3,24.047,-0.006,44.96531,-73.13206,28.9,5.34,0,757.3
8/14/19,10:38:02,Miss wetland,-0.03,-1.97,139.6,0.049,33.74,10.68,142.4,94.7,95.9,7.97,0.07,0.07,142.1,0.01,-0.16,92,3.08,0,1.185,7.71,-51.7,24.056,0.002,44.96577,-73.13167,30.3,5.36,0,757.2
8/14/19,10:39:02,Miss wetland,-0.14,-2.09,139.8,0.043,33.65,10.65,142.4,95.2,96.4,8,0.061,0.07,142.2,-0.06,-0.19,92,2.93,0,1.185,7.71,-52,24.113,-0.008,44.96617,-73.13107,32.2,5.37,0,757.3
8/14/19,10:40:02,Miss wetland,-0.22,-2.17,140,0.041,33.76,10.68,142.6,95.5,96.6,8.02,0.058,0.07,142.4,0,-0.17,93,3.08,0,1.185,7.7,-51.5,24.124,-0.004,44.96664,-73.13058,34.9,5.36,0,757.3
8/14/19,10:41:02,Miss wetland,-0.12,-2.07,140.3,0.042,33.38,10.56,142.7,96.4,97.5,8.08,0.06,0.07,142.5,-0.14,-0.21,93,2.92,0,1.185,7.71,-52.1,24.218,-0.004,44.96714,-73.13015,33.5,5.36,0,757.3
8/14/19,10:42:02,Miss wetland,-0.22,-2.18,141.2,0.053,33,10.44,142.8,98.1,99.3,8.19,0.075,0.07,142.6,0.02,-0.16,93,2.84,0,1.185,7.74,-53.9,24.468,0.006,44.96769,-73.1298,30.1,5.36,0,757.3
8/14/19,10:43:02,Miss wetland,0,-1.94,140.8,0.058,33.19,10.5,142.9,98.1,99.3,8.21,0.082,0.07,142.7,-0.08,-0.19,93,3.24,0,1.185,7.76,-54.9,24.311,0.01,44.96822,-73.12941,29.9,5.35,0,757.3
8/14/19,10:44:02,Miss wetland,-0.05,-1.99,140.7,0.052,33.01,10.44,142.9,98.6,99.8,8.25,0.074,0.07,142.7,-0.03,-0.18,93,3.17,0,1.185,7.77,-55.6,24.28,0.006,44.96887,-73.12923,28.9,5.36,0,757.3
8/14/19,10:45:02,Miss wetland,-0.04,-1.98,140.5,0.038,33.1,10.47,142.8,98.8,99.9,8.28,0.055,0.07,142.6,-0.02,-0.17,93,3.07,0,1.185,7.79,-56.5,24.212,-0.011,44.96953,-73.12922,30.2,5.34,0,757.3
8/14/19,10:46:02,Miss wetland,0,-1.93,140.4,0.042,33.38,10.56,142.8,99,100.2,8.3,0.06,0.07,142.6,0.03,-0.16,93,3.15,0,1.185,7.79,-56.8,24.194,-0.004,44.97012,-73.12926,30.8,5.35,0,757.3
8/14/19,10:47:02,Miss wetland,-0.09,-2.03,140.5,0.047,33.34,10.55,142.8,99.6,100.8,8.35,0.066,0.07,142.6,-0.09,-0.19,93,3.2,0,1.185,7.8,-57,24.215,0.001,44.97069,-73.12951,30.3,5.35,0,757.3
8/14/19,10:48:01,Miss wetland,-0.11,-2.06,140.5,0.041,33.16,10.49,142.9,100.3,101.5,8.41,0.058,0.07,142.7,-0.01,-0.17,93,3.47,0,1.185,7.8,-57.3,24.205,-0.008,44.97116,-73.12996,28.7,5.35,0,757.3
8/14/19,10:49:01,Miss wetland,-0.03,-1.97,140.6,0.038,33.41,10.57,143,100.6,101.8,8.43,0.054,0.07,142.7,-0.07,-0.19,93,3.49,0,1.185,7.8,-57.5,24.225,-0.002,44.97167,-73.13044,30.3,5.35,0,757.2
8/14/19,10:50:01,Miss wetland,-0.07,-2.01,140.7,0.044,33.35,10.55,143,101.4,102.6,8.49,0.063,0.07,142.8,0,-0.17,93,3.49,0,1.185,7.82,-58.2,24.251,-0.003,44.97215,-73.13095,29.4,5.34,0,757.3
8/14/19,10:51:01,Miss wetland,-0.09,-2.03,140.8,0.04,33.36,10.55,143.1,100.9,102.1,8.45,0.057,0.07,142.8,-0.05,-0.18,93,3.56,0,1.185,7.81,-57.5,24.249,-0.013,44.97277,-73.13129,28.7,5.34,0,757.3
8/14/19,10:52:01,Miss wetland,-0.06,-2.01,141.2,0.038,33.23,10.51,143.2,102.1,103.3,8.54,0.053,0.07,143,0.06,-0.15,93,3.33,0,1.185,7.83,-58.8,24.343,-0.014,44.97342,-73.13131,28.6,5.35,0,757.2
8/14/19,10:53:01,Miss wetland,-0.06,-2,141.2,0.037,33.27,10.53,143.2,101.8,103,8.52,0.053,0.07,143,-0.05,-0.18,93,3.34,0,1.185,7.82,-58.7,24.316,-0.001,44.97387,-73.13066,31.4,5.33,0,757.3
8/14/19,10:54:01,Miss wetland,-0.11,-2.05,141.6,0.043,32.9,10.41,143.3,102.3,103.6,8.54,0.06,0.07,143.1,-0.06,-0.19,93,3.07,0,1.185,7.82,-58.5,24.437,-0.006,44.97393,-73.12972,32.4,5.32,0,757.3
8/14/19,10:55:01,Miss wetland,-0.09,-2.03,141.6,0.044,33.07,10.46,143.4,101.8,103,8.5,0.062,0.07,143.2,-0.07,-0.19,93,3.22,0,1.185,7.81,-57.8,24.431,-0.008,44.9739,-73.12874,32.9,5.34,0,757.3
8/14/19,10:56:01,Miss wetland,-0.07,-2.01,141.6,0.035,33.16,10.49,143.4,101.9,103.2,8.52,0.05,0.07,143.3,0,-0.17,93,3.22,0,1.185,7.82,-58.2,24.395,-0.011,44.97406,-73.12782,31.6,5.33,0,757.3
8/14/19,10:57:01,Miss wetland,-0.08,-2.02,141.9,0.04,32.86,10.39,143.6,102.2,103.4,8.53,0.057,0.07,143.4,-0.03,-0.18,93,3.22,0,1.185,7.82,-58.5,24.434,-0.006,44.9744,-73.12702,30.4,5.34,0,757.3
8/14/19,10:58:01,Miss wetland,-0.04,-1.98,142.2,0.038,32.57,10.3,143.7,102.4,103.6,8.54,0.054,0.07,143.6,0.01,-0.17,93,3.34,0,1.185,7.83,-58.9,24.49,-0.009,44.97483,-73.12637,30.5,5.34,0,757.3
8/14/19,10:59:01,Miss wetland,-0.07,-2.02,142.2,0.036,32.53,10.29,143.8,102.3,103.5,8.53,0.051,0.07,143.6,-0.05,-0.18,93,3.52,0,1.185,7.83,-58.9,24.493,-0.016,44.97519,-73.12569,29.4,5.33,0,757.3
8/14/19,11:00:01,Miss wetland,-0.11,-2.05,142.4,0.043,32.44,10.26,143.8,102.4,103.6,8.54,0.061,0.07,143.7,-0.01,-0.17,93,3.62,0,1.185,7.83,-58.9,24.513,-0.003,44.97555,-73.12502,30.5,5.34,0,757.3
8/14/19,11:01:01,Miss wetland,-0.09,-2.03,142.4,0.037,32.43,10.25,143.9,102.3,103.5,8.52,0.052,0.07,143.7,-0.02,-0.17,93,3.63,0,1.185,7.82,-58.7,24.509,-0.02,44.97598,-73.12437,30.2,5.34,0,757.3
8/14/19,11:02:01,Miss wetland,-0.11,-2.05,142.6,0.036,32.22,10.18,144,102.3,103.6,8.53,0.051,0.07,143.8,-0.04,-0.18,93,3.74,0,1.185,7.83,-58.8,24.547,-0.01,44.97642,-73.12378,30.6,5.3,0,757.2
8/14/19,11:03:01,Miss wetland,-0.08,-2.02,142.9,0.037,31.98,10.11,144.1,102.5,103.7,8.53,0.053,0.07,144,-0.04,-0.18,94,3.9,0,1.185,7.83,-59,24.612,-0.009,44.97691,-73.1232,29.6,5.33,0,757.3
8/14/19,11:04:01,Miss wetland,-0.06,-2,142.9,0.065,32.01,10.12,144.1,102.6,103.8,8.54,0.092,0.07,144,0.02,-0.16,94,3.91,0,1.185,7.83,-59.2,24.605,0.039,44.97735,-73.12252,29.5,5.34,0,757.3
8/14/19,11:05:01,Miss wetland,-0.05,-1.99,143,0.046,31.97,10.1,144.2,102.5,103.7,8.53,0.065,0.07,144.1,-0.06,-0.18,94,3.85,0,1.185,7.84,-59.5,24.597,0.024,44.97781,-73.12189,29.2,5.32,0,757.3
8/14/19,11:06:01,Miss wetland,-0.08,-2.03,143,0.045,31.8,10.05,144.2,102.9,104.1,8.56,0.064,0.07,144,-0.03,-0.18,94,3.81,0,1.185,7.85,-60.1,24.606,0,44.97829,-73.12128,29.2,5.34,0,757.3
8/14/19,11:07:01,Miss wetland,-0.16,-2.11,143,0.047,31.8,10.05,144.2,103.2,104.4,8.58,0.066,0.07,144.1,-0.03,-0.18,94,3.82,0,1.185,7.85,-60.4,24.616,0,44.97878,-73.12071,28.3,5.33,0,757.3
8/14/19,11:08:01,Miss wetland,-0.09,-2.03,143.2,0.052,31.74,10.03,144.3,103.3,104.6,8.59,0.074,0.07,144.2,-0.04,-0.18,94,3.95,0,1.185,7.86,-60.8,24.628,0.002,44.9793,-73.12018,28.1,5.32,0,757.2
8/14/19,11:09:01,Miss wetland,-0.08,-2.02,143.3,0.044,31.7,10.02,144.3,103.4,104.6,8.6,0.063,0.07,144.2,-0.07,-0.19,94,4.05,0,1.185,7.86,-60.7,24.645,-0.002,44.9798,-73.11956,28.1,5.33,0,757.3
8/14/19,11:10:01,Miss wetland,0.01,-1.93,143.2,0.052,31.88,10.07,144.3,104,105.3,8.65,0.074,0.07,144.2,0.03,-0.16,94,4.16,0,1.185,7.87,-61.2,24.63,0.003,44.98017,-73.11922,29,5.31,0,757.3
8/14/19,11:11:01,Miss wetland,-0.11,-2.05,143.2,0.068,31.82,10.05,144.3,103.9,105.2,8.64,0.097,0.07,144.2,-0.08,-0.19,94,4.22,0,1.185,7.87,-61.2,24.643,0.021,44.98001,-73.11932,28.6,5.31,0,757.3
8/14/19,11:12:01,Miss wetland,-0.09,-2.04,143.1,0.043,39.97,12.7,144.3,104,105.3,8.65,0.061,0.07,144.2,0.02,-0.16,94,3.94,0,1.185,7.87,-61.4,24.621,-0.009,44.97957,-73.1198,29.9,5.33,0,757.3
8/14/19,11:13:01,Miss wetland,-0.18,-2.13,27.2,0.087,-0.08,-0.31,27.5,103.1,104.4,8.59,0.123,0.01,27.5,0.14,-0.13,18,6.08,0,1.185,7.87,-61.6,24.545,-0.045,44.97926,-73.12014,30.6,5.3,0,757.1
8/14/19,11:14:01,Miss wetland,-0.3,-2.27,2.8,0.004,-0.32,-0.39,2.9,98.7,99.9,8.26,0.005,0,2.9,1.58,0.3,2,9.73,0,1.185,7.38,-32.6,24.281,-0.044,44.97916,-73.12016,30.1,5.29,0,757.2
8/14/19,11:15:01,Miss wetland,-0.31,-2.28,3.3,0.005,-0.35,-0.39,3.4,97.2,98.4,8.25,0.006,0,3.3,1.57,0.3,2,9.65,0,1.185,5.29,90.8,23.547,-0.045,44.97868,-73.1209,30.7,5.3,0,757.1
8/14/19,11:16:01,Miss wetland,-0.2,-2.16,3.5,0.005,-0.29,-0.38,3.6,97.6,98.8,8.37,0.007,0,3.6,1.61,0.31,2,9.71,0,1.185,5.8,60.6,23.068,-0.044,44.9778,-73.12209,30,5.3,0,757
8/14/19,11:17:01,Miss wetland,-0.3,-2.26,3.4,0.006,-0.3,-0.38,3.6,97.5,98.7,8.43,0.008,0,3.6,1.62,0.31,2,9.68,0,1.185,5.68,67.9,22.563,-0.044,44.97683,-73.12328,28.9,5.3,0,757.2
8/14/19,11:18:01,Miss wetland,-0.29,-2.26,2.9,0.005,-0.25,-0.36,3.1,98.9,100.1,8.62,0.008,0,3.1,1.6,0.31,2,9.74,0,1.185,5.6,72.3,22.187,-0.044,44.97602,-73.12429,28.6,5.31,0,757.2
8/14/19,11:19:01,Miss wetland,-0.26,-2.22,3,0.006,-0.29,-0.38,3.3,97.9,99.1,8.65,0.008,0,3.2,1.75,0.35,2,9.72,0,1.185,5.74,63.8,21.45,-0.045,44.9753,-73.12533,30.9,5.29,0,757.1
8/14/19,11:20:01,Miss wetland,-0.28,-2.24,2.9,0.003,-0.26,-0.37,3.2,97,98.1,8.67,0.004,0,3.2,1.69,0.34,2,9.77,0,1.185,5.86,56.9,20.844,-0.047,44.97465,-73.12659,31.5,5.31,0,757.3
8/14/19,11:21:01,Miss wetland,-0.26,-2.22,3.2,0.005,-0.34,-0.39,3.5,97.6,98.7,8.77,0.007,0,3.5,1.68,0.33,2,9.8,0,1.185,6.2,37,20.566,-0.045,44.97397,-73.12814,31.2,5.31,0,757.1
8/14/19,11:22:01,Miss wetland,-0.27,-2.23,3.2,0.004,-0.32,-0.39,3.6,97.6,98.8,8.91,0.006,0,3.6,1.59,0.31,2,9.87,0,1.185,6.21,36,19.83,-0.047,44.97396,-73.13008,32.4,5.32,0,757.2
8/14/19,11:23:01,Miss wetland,-0.24,-2.2,3.1,0.003,-0.36,-0.4,3.5,99.2,100.3,9.08,0.004,0,3.5,1.69,0.34,2,9.9,0,1.185,7.18,-20.4,19.672,-0.045,44.97318,-73.13145,24.3,5.32,0,757.1
8/14/19,11:24:01,Miss wetland,-0.28,-2.24,2.3,0.002,-0.39,-0.41,2.6,99.4,100.6,9.02,0.004,0,2.6,1.7,0.34,2,9.9,0,1.185,7.43,-34.8,20.108,-0.044,44.97226,-73.13108,28.4,5.31,0,757.1
8/14/19,11:25:01,Miss wetland,-0.26,-2.22,2.9,0.003,-0.3,-0.38,3.2,99.1,100.3,9.01,0.005,0,3.2,1.62,0.32,2,9.87,0,1.185,6.32,29.4,20.004,-0.045,44.97123,-73.13006,28.2,5.3,0,757.2
8/14/19,11:26:01,Miss wetland,-0.15,-2.1,3,0.003,-0.3,-0.38,3.3,99,100.2,9.06,0.005,0,3.3,1.63,0.32,2,9.88,0,1.185,5.92,53.1,19.707,-0.046,44.97005,-73.12925,31.7,5.3,0,757.2
8/14/19,11:27:01,Miss wetland,-0.12,-2.06,2.4,0.004,-0.35,-0.4,2.7,99.3,100.5,9.09,0.005,0,2.7,1.61,0.31,2,9.87,0,1.185,6.34,28.2,19.712,-0.045,44.96853,-73.12935,30.4,5.29,0,757.2
8/14/19,11:28:01,Miss wetland,-0.2,-2.16,2.3,0.004,-0.33,-0.39,2.6,99.4,100.6,9.12,0.006,0,2.6,1.68,0.34,2,9.89,0,1.185,6.29,31.5,19.557,-0.047,44.96703,-73.13041,22.8,5.29,0,757.2
8/14/19,11:48:02,Miss wetland,0.02,-1.91,134.9,0.113,33.22,10.51,138.1,97.8,99,8.25,0.161,0.06,137.8,-0.1,-0.2,90,1.91,0,1.185,7.83,-58.9,23.893,0.063,44.94577,-73.14819,29.4,5.27,0,756.9
8/14/19,11:49:02,Miss wetland,-0.12,-2.07,134.8,0.072,32.99,10.44,137.7,97.6,98.8,8.22,0.102,0.06,137.5,-0.11,-0.2,89,1.81,0,1.185,7.8,-57.3,23.981,0.001,44.94545,-73.14782,31.2,5.28,0,757
8/14/19,11:50:02,Miss wetland,0.01,-1.92,134.8,0.098,32.71,10.34,137.5,97.1,98.3,8.17,0.139,0.06,137.3,0.05,-0.15,89,1.85,0,1.185,7.8,-57.3,24.05,0.052,44.94523,-73.14765,30.7,5.28,0,757
8/14/19,11:51:02,Miss wetland,-0.02,-1.95,134.9,0.066,32.76,10.36,137.7,97.1,98.3,8.17,0.094,0.06,137.4,-0.02,-0.17,89,1.82,0,1.185,7.8,-57.1,24.033,0.021,44.94544,-73.14792,30.6,5.27,0,757
8/14/19,11:52:02,Miss wetland,-0.08,-2.03,135.3,0.063,33.01,10.44,138.2,97.7,98.9,8.22,0.089,0.06,137.9,-0.01,-0.17,90,1.87,0,1.185,7.8,-57.3,24.015,-0.01,44.94571,-73.1485,28.5,5.28,0,757.1
8/14/19,11:53:02,Miss wetland,-0.03,-1.97,135.7,0.055,32.81,10.37,138.3,98.7,99.8,8.29,0.078,0.06,138,-0.05,-0.18,90,1.88,0,1.185,7.82,-58.7,24.11,0.015,44.94601,-73.14893,30.2,5.25,0,757.1
8/14/19,11:54:02,Miss wetland,-0.02,-1.96,136,0.049,21.2,6.61,138.3,99.3,100.5,8.32,0.07,0.06,138.1,-0.02,-0.17,90,1.77,0,1.185,7.83,-59,24.213,-0.008,44.94631,-73.14954,28.3,5.27,0,757
8/14/19,11:55:02,Miss wetland,-0.09,-2.03,136.3,0.045,29.74,9.38,138.6,98.9,100.1,8.29,0.064,0.06,138.4,-0.02,-0.17,90,1.81,0,1.185,7.83,-58.9,24.203,-0.01,44.94665,-73.15039,29.1,5.28,0,757
8/14/19,11:56:02,Miss wetland,-0.12,-2.07,136.5,0.055,32.01,10.12,138.8,98.4,99.6,8.25,0.078,0.06,138.6,-0.1,-0.2,90,1.76,0,1.185,7.81,-58,24.205,0.011,44.94696,-73.15125,28.7,5.28,0,757
8/14/19,11:57:02,Miss wetland,-0.12,-2.06,137.1,0.059,32.25,10.19,139.3,99.6,100.8,8.35,0.084,0.06,139.1,-0.03,-0.18,90,1.78,0,1.185,7.86,-61,24.23,0.001,44.94726,-73.1519,28.5,5.27,0,757
8/14/19,11:58:02,Miss wetland,-0.09,-2.04,138.4,0.059,31.76,10.04,141.1,100.4,101.6,8.43,0.083,0.07,140.8,-0.04,-0.18,92,1.92,0,1.185,7.86,-60.5,24.084,0.01,44.94749,-73.15262,29.2,5.28,0,757
8/14/19,11:59:02,Miss wetland,-0.13,-2.07,138.6,0.057,32.01,10.11,140.7,98.9,100.1,8.28,0.081,0.07,140.5,-0.1,-0.2,91,1.81,0,1.185,7.81,-57.9,24.292,0.006,44.94774,-73.15324,29.7,5.28,0,757
8/14/19,12:00:02,Miss wetland,-0.15,-2.1,139.7,0.072,32.27,10.2,141.9,102.5,103.8,8.59,0.103,0.07,141.7,-0.03,-0.18,92,1.81,0,1.185,7.89,-62.7,24.272,0.017,44.94809,-73.15385,30.5,5.27,0,757.1
8/14/19,12:01:02,Miss wetland,-0.1,-2.04,139.6,0.074,32.03,10.12,141.7,103.7,105,8.69,0.106,0.07,141.5,-0.03,-0.18,92,1.75,0,1.185,7.99,-68.5,24.266,0.013,44.9483,-73.15433,29.9,5.27,0,757
8/14/19,12:02:02,Miss wetland,-0.1,-2.04,139,0.075,31.89,10.08,141.7,101.9,103.2,8.56,0.106,0.07,141.4,-0.14,-0.21,92,1.74,0,1.185,7.99,-68.6,24.111,0.019,44.94854,-73.1548,30.6,5.27,0,757
8/14/19,12:03:02,Miss wetland,-0.13,-2.08,139.1,0.073,31.89,10.08,141.9,101.2,102.4,8.5,0.103,0.07,141.6,0.01,-0.17,92,1.69,0,1.185,7.94,-65.6,24.078,0.007,44.94864,-73.15508,30.5,5.27,0,757
8/14/19,12:04:02,Miss wetland,-0.11,-2.05,139.5,0.059,31.94,10.09,142.8,98.1,99.2,8.27,0.083,0.07,142.5,-0.02,-0.17,93,1.84,0,1.185,7.83,-59,23.885,0.018,44.94901,-73.15588,29.5,5.28,0,757.1
8/14/19,12:05:02,Miss wetland,-0.11,-2.05,139.7,0.053,31.99,10.11,143.2,96.1,97.3,8.12,0.075,0.07,142.9,-0.06,-0.19,93,1.81,0,1.185,7.79,-56.5,23.823,-0.006,44.94936,-73.15659,32.5,5.28,0,757
8/14/19,12:06:02,Miss wetland,-0.15,-2.1,139.6,0.056,34.37,10.88,143.7,95.9,97,8.12,0.079,0.07,143.3,-0.12,-0.2,93,1.96,0,1.185,7.77,-55.4,23.657,-0.001,44.94973,-73.15733,35.8,5.27,0,757
8/14/19,12:07:02,Miss wetland,-0.13,-2.08,139.9,0.053,31.41,9.92,143.7,95.8,96.9,8.1,0.075,0.07,143.4,-0.08,-0.19,93,1.97,0,1.185,7.76,-54.9,23.723,-0.005,44.95015,-73.15813,30.5,5.28,0,757
8/14/19,12:08:02,Miss wetland,-0.08,-2.02,140.7,0.056,31.41,9.92,143.8,95.7,96.8,8.06,0.079,0.07,143.6,-0.01,-0.17,93,1.91,0,1.185,7.76,-54.6,23.948,0.005,44.95053,-73.15879,30.7,5.28,0,757
8/14/19,12:09:02,Miss wetland,-0.15,-2.1,140.8,0.055,31.33,9.89,143.7,94.8,95.9,7.97,0.078,0.07,143.4,-0.07,-0.19,93,2.03,0,1.185,7.73,-53.2,24.036,0.012,44.95084,-73.15947,30.5,5.27,0,757.1
8/14/19,12:10:02,Miss wetland,-0.09,-2.04,140.3,0.065,32.04,10.13,143.9,96.6,97.7,8.15,0.092,0.07,143.6,-0.04,-0.18,93,1.94,0,1.185,7.77,-55.4,23.826,0.016,44.95102,-73.16006,30.5,5.25,0,757
8/14/19,12:11:02,Miss wetland,-0.07,-2.01,140.4,0.058,32.14,10.16,144,96.9,98.1,8.19,0.082,0.07,143.7,-0.01,-0.17,93,1.98,0,1.185,7.78,-56.2,23.81,0.01,44.95118,-73.16056,31.5,5.27,0,757
8/14/19,12:12:02,Miss wetland,-0.03,-1.97,140.2,0.059,32.16,10.17,143.8,97.4,98.6,8.22,0.084,0.07,143.5,-0.02,-0.17,93,2.02,0,1.185,7.78,-56.2,23.812,0.012,44.95157,-73.16106,27.8,5.28,0,757.2
8/14/19,12:13:02,Miss wetland,0.08,-1.84,139.6,0.069,32.71,10.34,142.9,100.4,101.6,8.46,0.097,0.07,142.6,-0.06,-0.19,93,2.05,0,1.185,7.82,-58.5,23.911,0.027,44.9518,-73.16144,28.8,5.27,0,757.1
8/14/19,12:14:02,Miss wetland,-0.17,-2.12,141.1,0.082,32.02,10.12,143.6,103.2,104.4,8.65,0.116,0.07,143.4,-0.05,-0.18,93,1.95,0,1.185,7.86,-60.7,24.172,0.004,44.95227,-73.16203,30.9,5.27,0,757
8/14/19,12:15:02,Miss wetland,-0.17,-2.12,142.8,0.062,30.51,9.63,145.9,92.8,93.9,7.81,0.088,0.07,145.6,-0.06,-0.18,95,2.2,0,1.185,7.66,-48.8,23.998,0.013,44.95292,-73.16264,28.9,5.28,0,757.1
8/14/19,12:16:02,Miss wetland,-0.19,-2.15,143.4,0.055,30.46,9.61,146.5,92.3,93.4,7.77,0.077,0.07,146.2,-0.05,-0.18,95,2.42,0,1.185,7.65,-48.6,24.012,-0.002,44.95356,-73.16309,28,5.27,0,757
8/14/19,12:17:02,Miss wetland,-0.13,-2.07,143.6,0.06,30.1,9.49,146.1,92,93.2,7.72,0.085,0.07,145.9,-0.05,-0.18,95,2.33,0,1.185,7.65,-48.3,24.17,0.01,44.95416,-73.16358,29.1,5.27,0,757
8/14/19,12:18:02,Miss wetland,-0.17,-2.13,143.4,0.037,32.48,10.27,146.2,90.9,92,7.64,0.052,0.07,145.9,0.03,-0.16,95,2.36,0,1.185,7.63,-46.9,24.087,-0.018,44.95485,-73.16403,29.8,5.26,0,757
8/14/19,12:19:02,Miss wetland,-0.03,-1.96,143.9,0.035,29.92,9.44,146.6,90.5,91.6,7.6,0.05,0.07,146.4,0.1,-0.14,95,2.42,0,1.185,7.62,-46.5,24.11,-0.016,44.95552,-73.16451,28.9,5.26,0,757
8/14/19,12:20:02,Miss wetland,-0.13,-2.08,144.2,0.038,28.32,8.92,146.8,90.6,91.7,7.6,0.054,0.07,146.6,0.13,-0.13,95,2.5,0,1.185,7.62,-46.3,24.136,0.009,44.95631,-73.16492,32,5.28,0,757
8/14/19,12:21:02,Miss wetland,-0.01,-1.95,144.6,0.033,31.95,10.1,147.1,91.1,92.2,7.64,0.047,0.07,146.8,-0.15,-0.21,95,2.56,0,1.185,7.62,-46.4,24.216,-0.023,44.95716,-73.16524,28.9,5.27,0,757
8/14/19,12:22:02,Miss wetland,-0.13,-2.07,144.8,0.036,24.96,7.83,147.1,97.1,98.3,8.13,0.052,0.07,146.9,0.03,-0.16,95,2.55,0,1.185,7.71,-51.7,24.243,-0.008,44.95793,-73.16554,28.9,5.27,0,757
8/14/19,12:23:02,Miss wetland,-0.13,-2.07,145.1,0.131,30.14,9.51,147.4,94.6,95.8,7.93,0.185,0.07,147.2,0.01,-0.16,96,2.73,0,1.185,7.7,-51.4,24.263,0.093,44.95821,-73.16595,34.7,5.27,0,757
8/14/19,12:24:02,Miss wetland,-0.05,-1.99,146.5,0.116,30.52,9.63,147.8,103.9,105.2,8.65,0.165,0.07,147.6,-0.03,-0.18,96,3.74,0,1.185,8.01,-70,24.61,0.117,44.95817,-73.16598,32,5.28,0,756.9
8/14/19,12:25:02,Miss wetland,-0.1,-2.05,147.5,0.136,30.88,9.75,147.6,112.1,113.5,9.27,0.193,0.07,147.6,-0.08,-0.19,96,3.96,0,1.185,8.26,-84.7,24.978,0.094,44.95817,-73.16599,36.3,5.27,0,757
8/14/19,12:26:02,Miss wetland,0,-1.94,147.6,0.077,30.92,9.76,147.6,115.7,117.1,9.56,0.109,0.07,147.6,-0.02,-0.17,96,6.59,0,1.185,8.43,-94.5,25.004,0.023,44.95817,-73.16598,35.3,5.27,0,757
8/14/19,12:27:02,Miss wetland,0.43,-1.46,147.2,0.07,29.71,9.37,147.7,113.9,115.3,9.44,0.099,0.07,147.7,0.06,-0.15,96,12.42,0,1.185,8.38,-91.7,24.828,0.014,44.95818,-73.16598,37.7,5.25,0,757
8/14/19,12:28:02,Miss wetland,0.09,-1.83,147,0.067,30.88,9.75,147.6,112.5,113.8,9.32,0.095,0.07,147.6,-0.06,-0.18,96,9.53,0,1.185,8.29,-86.1,24.802,0.015,44.95816,-73.16598,34.7,5.27,0,757
8/14/19,12:29:02,Miss wetland,0.09,-1.84,147,0.069,31.1,9.82,147.6,112.3,113.7,9.31,0.098,0.07,147.5,-0.03,-0.18,96,6.94,0,1.185,8.28,-85.5,24.801,0.017,44.95816,-73.16599,34.3,5.27,0,756.9
8/14/19,12:30:02,Miss wetland,0.01,-1.93,147,0.067,31.19,9.85,147.5,112.5,113.8,9.32,0.095,0.07,147.5,0.02,-0.16,96,6.4,0,1.185,8.28,-85.8,24.82,0.014,44.95816,-73.166,33.4,5.27,0,757
8/14/19,12:31:02,Miss wetland,0.02,-1.91,147.4,0.068,31.03,9.8,147.6,114.2,115.6,9.44,0.096,0.07,147.6,0,-0.17,96,9.86,0,1.185,8.32,-88,24.941,0.016,44.95815,-73.16601,33.3,5.26,0,757
8/14/19,12:32:02,Miss wetland,-0.06,-1.99,147.4,0.068,31.1,9.82,147.6,115,116.4,9.51,0.096,0.07,147.6,0.09,-0.14,96,9.96,0,1.185,8.35,-90.2,24.937,0.013,44.95814,-73.16602,30,5.27,0,757
8/14/19,12:33:02,Miss wetland,0.01,-1.92,147.4,0.068,31.3,9.88,147.6,114.6,115.9,9.48,0.096,0.07,147.6,0,-0.17,96,7.9,0,1.185,8.34,-89.4,24.922,0.015,44.95813,-73.16602,31.5,5.27,0,757
8/14/19,12:34:02,Miss wetland,0.1,-1.82,147.6,0.067,30.93,9.76,147.9,114,115.4,9.43,0.095,0.07,147.9,0.01,-0.16,96,9.85,0,1.185,8.32,-88.3,24.913,0.014,44.95815,-73.166,29.4,5.26,0,757
8/14/19,12:35:02,Miss wetland,0.09,-1.83,147.7,0.067,30.5,9.63,148,113.5,114.8,9.39,0.095,0.07,148,0.03,-0.16,96,10.66,0,1.185,8.31,-87.6,24.908,0.017,44.95815,-73.16599,30.1,5.24,0,757
8/14/19,12:36:02,Miss wetland,0.12,-1.8,148.4,0.071,30.56,9.65,148.5,113.2,114.5,9.36,0.1,0.07,148.5,0.03,-0.16,97,10.45,0,1.185,8.3,-87.2,24.951,0.059,44.95815,-73.16599,31.9,5.27,0,757
8/14/19,12:37:02,Miss wetland,-0.07,-2.01,146.7,0.112,30.55,9.64,147.8,105.6,106.9,8.78,0.158,0.07,147.7,-0.08,-0.19,96,4.75,0,1.185,8.09,-74.5,24.624,0.045,44.95812,-73.166,32.2,5.26,0,757
8/14/19,12:38:02,Miss wetland,-0.1,-2.04,145.3,0.08,30.01,9.47,147.3,95.1,96.2,7.95,0.114,0.07,147.1,0.03,-0.16,96,2.84,0,1.185,7.77,-55.6,24.34,0.032,44.95819,-73.1658,28.1,5.27,0,757
8/14/19,12:39:02,Miss wetland,-0.15,-2.1,145.3,0.08,30,9.46,147.4,95.4,96.5,7.97,0.113,0.07,147.2,-0.01,-0.17,96,2.56,0,1.185,7.73,-53.2,24.343,0.022,44.95878,-73.1659,28.2,5.27,0,757
8/14/19,12:40:02,Miss wetland,-0.18,-2.13,145.7,0.059,29.87,9.42,147.4,98.8,100,8.25,0.084,0.07,147.2,-0.05,-0.18,96,2.33,0,1.185,7.79,-56.6,24.444,0.023,44.9594,-73.16599,27.9,5.25,0,757
8/14/19,12:41:02,Miss wetland,-0.18,-2.13,146.1,0.077,30.19,9.53,147.1,107.7,109,8.95,0.109,0.07,147,-0.12,-0.2,96,2.03,0,1.185,8.09,-74.6,24.671,0.033,44.95998,-73.16611,28,5.27,0,757
8/14/19,12:42:02,Miss wetland,-0.14,-2.09,146.2,0.088,29.92,9.44,147.3,104.8,106.1,8.72,0.124,0.07,147.2,-0.09,-0.2,96,2.13,0,1.185,8,-69.1,24.638,0.044,44.96059,-73.16608,29.7,5.26,0,757
8/14/19,12:43:02,Miss wetland,-0.13,-2.08,146.1,0.074,29.78,9.39,147.4,101.7,102.9,8.47,0.105,0.07,147.3,-0.01,-0.17,96,2.4,0,1.185,7.89,-62.4,24.555,0.025,44.9612,-73.16603,26.8,5.25,0,756.9
8/14/19,12:44:02,Miss wetland,-0.06,-2,146.1,0.088,29.83,9.41,147.5,101.1,102.3,8.42,0.125,0.07,147.4,-0.13,-0.21,96,2.4,0,1.185,7.87,-61.2,24.562,0.037,44.9613,-73.16605,26.8,5.25,0,757
8/14/19,12:45:02,Miss wetland,-0.21,-2.16,146.2,0.036,24.85,7.79,147.6,100.6,101.8,8.38,0.051,0.07,147.5,-0.08,-0.19,96,2.73,0,1.185,7.84,-59.9,24.556,-0.014,44.96214,-73.16592,25.5,5.27,0,756.9
8/14/19,12:46:02,Miss wetland,-0.18,-2.13,148,0.068,28.93,9.11,149,102.5,103.8,8.52,0.096,0.07,148.9,-0.12,-0.2,97,2.46,0,1.185,7.87,-61.2,24.687,0.056,44.96295,-73.16579,28.2,5.26,0,757
8/14/19,12:47:02,Miss wetland,-0.15,-2.1,147.1,0.065,28.94,9.12,148.5,101,102.2,8.41,0.093,0.07,148.4,-0.03,-0.18,96,2.5,0,1.185,7.84,-59.6,24.549,-0.001,44.96371,-73.16568,29.9,5.26,0,757
8/14/19,12:48:02,Miss wetland,-0.1,-2.04,146.7,0.053,30.09,9.49,148.2,99.6,100.8,8.31,0.075,0.07,148,0.02,-0.16,96,2.8,0,1.185,7.81,-57.8,24.515,0.004,44.96445,-73.1655,28,5.26,0,757
8/14/19,12:49:02,Miss wetland,-0.18,-2.13,147.2,0.05,28.92,9.11,148.6,99.9,101.1,8.32,0.071,0.07,148.5,-0.04,-0.18,97,2.97,0,1.185,7.79,-57,24.532,-0.001,44.96518,-73.16531,28.1,5.26,0,757
8/14/19,12:50:02,Miss wetland,-0.18,-2.13,148.5,0.055,29.21,9.21,148.8,106.5,107.8,8.81,0.079,0.07,148.7,0.02,-0.16,97,2.81,0,1.185,7.94,-65.6,24.934,0.016,44.96589,-73.16514,28.6,5.26,0,757
8/14/19,12:51:02,Miss wetland,-0.2,-2.16,147.9,0.059,28.93,9.12,149.3,101.8,103,8.47,0.083,0.07,149.2,0.01,-0.16,97,2.88,0,1.185,7.85,-60.5,24.577,0.005,44.96654,-73.16513,28.7,5.25,0,756.9
8/14/19,12:52:02,Miss wetland,-0.16,-2.11,148.6,0.063,28.51,8.98,150.1,98.9,100,8.24,0.089,0.07,150,-0.07,-0.19,97,2.89,0,1.185,7.78,-55.9,24.514,0.011,44.96716,-73.16522,29.6,5.24,0,757
8/14/19,12:53:02,Miss wetland,-0.2,-2.16,149.4,0.064,28.31,8.92,151,97.1,98.2,8.1,0.091,0.07,150.9,-0.03,-0.18,98,3.08,0,1.185,7.74,-53.9,24.48,0.016,44.96779,-73.16536,30.2,5.25,0,756.9
8/14/19,12:54:02,Miss wetland,-0.16,-2.11,149.7,0.069,27.9,8.78,151.6,94.4,95.5,7.89,0.097,0.07,151.5,0,-0.17,98,3.18,0,1.185,7.68,-50.4,24.391,0.021,44.96838,-73.16548,30.1,5.26,0,756.9
8/14/19,12:55:02,Miss wetland,-0.12,-2.06,153.3,0.06,23.78,7.44,154.1,94.2,95.3,7.82,0.085,0.07,154,-0.08,-0.19,100,3.77,0,1.185,7.67,-49.5,24.748,-0.005,44.96898,-73.16581,30.8,5.26,0,756.9
8/14/19,12:56:02,Miss wetland,-0.05,-1.99,154,0.056,25.83,8.11,154.6,94.7,95.8,7.85,0.079,0.07,154.5,-0.07,-0.19,100,3.46,0,1.185,7.69,-50.7,24.808,0.013,44.96957,-73.16624,31.8,5.24,0,756.9
8/14/19,12:57:02,Miss wetland,-0.08,-2.02,155.6,0.057,25.41,7.97,155.5,95.5,96.6,7.88,0.081,0.07,155.5,-0.05,-0.18,101,3.31,0,1.185,7.69,-50.7,25.028,0.001,44.97013,-73.16674,33,5.26,0,756.9
8/14/19,12:58:02,Miss wetland,-0.15,-2.1,156.2,0.065,25.26,7.92,155.7,95.4,96.6,7.86,0.092,0.07,155.8,-0.13,-0.21,101,3.1,0,1.185,7.69,-50.6,25.156,0.013,44.97063,-73.16717,33.5,5.26,0,757
8/14/19,12:59:02,Miss wetland,-0.13,-2.08,156.9,0.069,25.2,7.9,155.9,96,97.2,7.89,0.097,0.07,156,-0.07,-0.19,101,3.14,0,1.185,7.68,-50.1,25.314,0.03,44.97121,-73.16756,33.2,5.24,0,757
8/14/19,13:00:01,Miss wetland,-0.12,-2.07,158.6,0.069,24.74,7.76,157,97.3,98.5,7.97,0.098,0.07,157.1,-0.19,-0.22,102,2.86,0,1.185,7.67,-49.5,25.48,0.014,44.97181,-73.16763,30,5.24,0,756.9
8/14/19,13:01:01,Miss wetland,-0.09,-2.03,158.9,0.061,25.02,7.84,157.2,99.9,101.1,8.18,0.087,0.07,157.4,-0.01,-0.17,102,2.91,0,1.185,7.71,-52.2,25.503,0.015,44.97237,-73.16718,29.1,5.26,0,756.9
8/14/19,13:02:01,Miss wetland,-0.01,-1.94,160.8,0.07,24.2,7.58,158.3,100.7,101.9,8.21,0.099,0.07,158.5,-0.12,-0.2,103,3.13,0,1.185,7.71,-52.1,25.76,0.018,44.97273,-73.16645,29.3,5.25,0,757
8/14/19,13:03:01,Miss wetland,-0.15,-2.1,159.8,0.069,24.76,7.76,158.1,100,101.2,8.19,0.097,0.07,158.2,-0.12,-0.2,103,2.86,0,1.185,7.76,-55.2,25.502,0.012,44.97307,-73.16574,29,5.26,0,756.8
8/14/19,13:04:01,Miss wetland,-0.11,-2.05,163,0.065,23.39,7.31,159.1,103.3,104.5,8.35,0.092,0.07,159.5,-0.02,-0.17,104,3,0,1.185,7.82,-58.6,26.162,0.009,44.97343,-73.16501,29.5,5.25,0,756.8
8/14/19,13:05:01,Miss wetland,-0.16,-2.11,161.5,0.064,23.99,7.51,158.8,100,101.2,8.14,0.091,0.07,159.1,-0.08,-0.19,103,2.85,0,1.185,7.78,-56.1,25.797,0.024,44.97384,-73.16425,30.7,5.24,0,757
8/14/19,13:06:01,Miss wetland,-0.09,-2.04,160.3,0.067,24.58,7.7,158.5,97.9,99.1,8.01,0.096,0.07,158.7,-0.1,-0.2,103,2.88,0,1.185,7.71,-52.2,25.522,0.014,44.97421,-73.16349,28.8,5.25,0,756.9
8/14/19,13:07:01,Miss wetland,-0.17,-2.13,160,0.06,24.69,7.74,158.5,97.5,98.7,7.99,0.085,0.07,158.6,-0.05,-0.18,103,2.98,0,1.185,7.7,-51.4,25.453,0.004,44.97456,-73.16268,27,5.25,0,756.8
8/14/19,13:08:01,Miss wetland,-0.11,-2.06,160.1,0.062,24.72,7.75,158.5,97.1,98.3,7.95,0.088,0.07,158.7,-0.06,-0.19,103,3.1,0,1.185,7.69,-50.7,25.473,0.017,44.97497,-73.16187,30,5.24,0,756.8
8/14/19,13:09:01,Miss wetland,-0.22,-2.17,161.2,0.068,24.35,7.63,159.2,98.1,99.3,8.01,0.096,0.07,159.3,-0.05,-0.18,104,3.13,0,1.185,7.7,-51.2,25.596,0.02,44.97535,-73.16113,29.6,5.24,0,757
8/14/19,13:10:01,Miss wetland,-0.14,-2.09,161.5,0.069,24.67,7.73,159.4,102.4,103.7,8.37,0.097,0.07,159.6,-0.09,-0.19,104,3.11,0,1.185,7.75,-54.4,25.614,0.012,44.97572,-73.16045,28.4,5.25,0,756.8
8/14/19,13:11:01,Miss wetland,-0.15,-2.1,162.2,0.068,24.53,7.69,159.9,105.1,106.4,8.58,0.096,0.07,160.1,-0.06,-0.18,104,3.13,0,1.185,7.8,-57.4,25.668,0.01,44.97612,-73.15978,26.9,5.25,0,756.8
8/14/19,13:12:01,Miss wetland,-0.08,-2.02,162.5,0.065,24.44,7.66,160.1,107.4,108.7,8.75,0.092,0.07,160.3,0.03,-0.16,104,3.13,0,1.185,7.84,-60,25.722,0.011,44.97652,-73.1591,28.6,5.25,0,757
8/14/19,13:13:01,Miss wetland,-0.15,-2.1,164,0.06,23.95,7.5,161.5,105,106.3,8.56,0.085,0.08,161.8,-0.13,-0.21,105,3.52,0,1.185,7.8,-57.5,25.726,0.014,44.97698,-73.15844,28.9,5.25,0,756.9
8/14/19,13:14:01,Miss wetland,-0.08,-2.03,165.8,0.068,23.12,7.23,163.3,100.4,101.6,8.18,0.096,0.08,163.5,-0.07,-0.19,106,3.43,0,1.185,7.73,-53.5,25.727,0.014,44.97741,-73.15781,27.3,5.25,0,756.9
8/14/19,13:15:01,Miss wetland,-0.12,-2.07,166,0.068,23.28,7.28,164,98.7,99.9,8.07,0.097,0.08,164.2,-0.1,-0.2,107,3.23,0,1.185,7.69,-50.8,25.568,0.012,44.97784,-73.15717,29.6,5.24,0,757
8/14/19,13:16:01,Miss wetland,-0.05,-1.99,165.1,0.065,23.41,7.32,163.9,98,99.2,8.04,0.093,0.08,164,-0.03,-0.18,107,3.25,0,1.185,7.67,-50,25.365,0.014,44.97835,-73.1566,28.2,5.25,0,756.9
8/14/19,13:17:01,Miss wetland,-0.06,-2,165.3,0.062,23.6,7.39,164.2,97.3,98.5,8,0.089,0.08,164.3,-0.02,-0.17,107,3.18,0,1.185,7.65,-48.3,25.296,0.001,44.97893,-73.15607,29.1,5.23,0,756.9
8/14/19,13:18:01,Miss wetland,-0.08,-2.02,166.5,0.071,23.11,7.22,165.5,94.4,95.6,7.76,0.101,0.08,165.6,-0.08,-0.19,108,3.27,0,1.185,7.61,-46.3,25.291,0.008,44.97942,-73.15559,28.4,5.24,0,757
8/14/19,13:19:01,Miss wetland,-0.11,-2.05,166.7,0.06,23.06,7.21,165.7,94.3,95.4,7.75,0.086,0.08,165.8,-0.04,-0.18,108,3.36,0,1.185,7.61,-46.1,25.271,0.011,44.97985,-73.15511,29.5,5.25,0,756.9
8/14/19,13:20:01,Miss wetland,-0.08,-2.02,167.2,0.054,22.81,7.13,165.9,95.3,96.5,7.82,0.077,0.08,166.1,-0.07,-0.19,108,3.34,0,1.185,7.61,-46.2,25.356,0,44.98038,-73.15466,29.2,5.25,0,756.8
8/14/19,13:21:01,Miss wetland,0.08,-1.84,168,0.056,22.48,7.02,166.6,96.2,97.4,7.89,0.079,0.08,166.7,-0.1,-0.2,108,3.33,0,1.185,7.63,-47.4,25.411,-0.001,44.98097,-73.15421,28.6,5.24,0,756.9
8/14/19,13:22:01,Miss wetland,0.11,-1.81,169.8,0.049,21.89,6.83,167.5,95,96.2,7.76,0.07,0.08,167.7,-0.03,-0.18,109,3.29,0,1.185,7.63,-47.5,25.64,0.001,44.98155,-73.15366,28.5,5.25,0,756.9
8/14/19,13:23:01,Miss wetland,-0.06,-2,170.5,0.051,22.77,7.12,167.6,94.5,95.6,7.69,0.072,0.08,167.9,-0.04,-0.18,109,3.2,0,1.185,7.62,-46.7,25.796,0.011,44.98215,-73.15315,27.4,5.25,0,756.9
8/14/19,13:24:01,Miss wetland,0.05,-1.88,168.8,0.079,22.45,7.01,167.6,95.6,96.8,7.85,0.113,0.08,167.7,0,-0.17,109,3.41,0,1.185,7.64,-47.9,25.33,0.03,44.98267,-73.15266,28.6,5.24,0,757
8/14/19,13:25:01,Miss wetland,0.03,-1.9,168.6,0.07,22.56,7.05,167.7,97.4,98.6,8.01,0.1,0.08,167.8,-0.01,-0.17,109,3.44,0,1.185,7.68,-50.1,25.251,0.01,44.98321,-73.1522,29.1,5.22,0,757
8/14/19,13:26:01,Miss wetland,0.03,-1.9,169,0.058,22.43,7,167.9,95.5,96.7,7.85,0.082,0.08,168,-0.02,-0.17,109,3.56,0,1.185,7.65,-48.7,25.297,0.005,44.98375,-73.15176,28.9,5.24,0,757
8/14/19,13:27:01,Miss wetland,0.16,-1.75,168.5,0.064,23.11,7.22,168,96.6,97.8,7.96,0.091,0.08,168,-0.07,-0.19,109,4.16,0,1.185,7.65,-48.5,25.13,0.017,44.98427,-73.15142,27.4,5.24,0,756.9
8/14/19,13:28:01,Miss wetland,0.13,-1.79,168.4,0.061,23.08,7.21,168.3,96,97.1,7.92,0.087,0.08,168.3,-0.08,-0.19,109,4.08,0,1.185,7.65,-48.3,25.029,0.004,44.98483,-73.1511,28.3,5.25,0,756.9
8/14/19,13:29:01,Miss wetland,0.14,-1.78,168.1,0.084,23.24,7.27,168.2,97,98.1,8.01,0.119,0.08,168.2,0.02,-0.16,109,4.17,0,1.185,7.65,-48.5,24.968,0.033,44.98538,-73.1508,27.5,5.24,0,756.8
8/14/19,13:30:01,Miss wetland,0.08,-1.84,169,0.062,22.93,7.17,168.8,95.8,96.9,7.9,0.088,0.08,168.8,-0.06,-0.18,110,4.7,0,1.185,7.65,-48.7,25.058,-0.001,44.98598,-73.15067,28,5.24,0,756.8
8/14/19,13:31:01,Miss wetland,0.11,-1.81,168.6,0.05,23.15,7.24,168.6,95.2,96.4,7.87,0.071,0.08,168.6,0.09,-0.14,110,4.52,0,1.185,7.65,-48.3,24.993,-0.005,44.98661,-73.15051,27.6,5.24,0,756.8
8/14/19,13:32:01,Miss wetland,0.27,-1.63,168.1,0.055,23.05,7.2,168.5,94.7,95.8,7.84,0.078,0.08,168.5,0,-0.17,110,4.61,0,1.185,7.64,-48.1,24.886,-0.003,44.98726,-73.15047,29.2,5.24,0,756.8
8/14/19,13:33:01,Miss wetland,0.15,-1.77,168.6,0.041,23.2,7.26,168.8,95.8,96.9,7.92,0.059,0.08,168.8,-0.02,-0.17,110,4.28,0,1.185,7.66,-49,24.952,-0.015,44.98791,-73.15044,28.8,5.24,0,756.9
8/14/19,13:34:01,Miss wetland,0.12,-1.81,168.9,0.05,22.94,7.17,168.9,96.4,97.5,7.96,0.071,0.08,168.9,-0.02,-0.17,110,4.05,0,1.185,7.67,-49.7,25.007,-0.003,44.98855,-73.15034,28.5,5.21,0,756.8
8/14/19,13:35:01,Miss wetland,0.06,-1.87,168.7,0.055,23.07,7.21,168.9,96.1,97.2,7.94,0.078,0.08,168.9,0,-0.17,110,4.08,0,1.185,7.67,-49.5,24.952,-0.003,44.98918,-73.15035,30.7,5.24,0,757
8/14/19,13:36:01,Miss wetland,0.08,-1.85,168.8,0.057,22.94,7.17,168.9,96.1,97.3,7.94,0.081,0.08,168.9,0.06,-0.15,110,3.97,0,1.185,7.66,-49.1,24.983,0.002,44.98981,-73.15039,30.7,5.24,0,756.9
8/14/19,13:37:01,Miss wetland,0.06,-1.87,169.3,0.054,22.7,7.09,168.9,96.6,97.8,7.96,0.077,0.08,168.9,-0.06,-0.19,110,3.93,0,1.185,7.66,-49.2,25.116,-0.001,44.99045,-73.15045,30,5.24,0,756.9
8/14/19,13:38:01,Miss wetland,0.1,-1.82,170.2,0.052,22.52,7.03,169,98.1,99.3,8.06,0.074,0.08,169.1,-0.14,-0.21,110,3.77,0,1.185,7.68,-50,25.326,0.006,44.9911,-73.15039,29.7,5.24,0,756.9
8/14/19,13:39:01,Miss wetland,0.15,-1.76,171.9,0.058,21.96,6.85,169.4,100.7,101.9,8.21,0.082,0.08,169.6,-0.01,-0.17,110,4.05,0,1.185,7.73,-53.2,25.718,0.006,44.99171,-73.15021,28.3,5.23,0,756.9
8/14/19,13:40:01,Miss wetland,0.12,-1.8,172.1,0.06,21.8,6.8,169.3,100.7,101.9,8.2,0.084,0.08,169.6,-0.11,-0.2,110,4.07,0,1.185,7.73,-53.2,25.767,0.006,44.99232,-73.14998,27.5,5.23,0,756.8
8/14/19,13:41:01,Miss wetland,0.09,-1.84,172.1,0.065,22.11,6.9,169.3,101,102.2,8.22,0.092,0.08,169.5,-0.03,-0.18,110,4.02,0,1.185,7.72,-52.8,25.798,0.01,44.99293,-73.1498,29.1,5.24,0,756.8
8/14/19,13:42:01,Miss wetland,0.15,-1.77,171.3,0.06,22.32,6.97,169.3,100.6,101.8,8.22,0.085,0.08,169.5,0.01,-0.16,110,4.08,0,1.185,7.72,-53,25.568,0.008,44.9936,-73.1496,29.7,5.21,0,756.9
8/14/19,13:43:01,Miss wetland,0.45,-1.43,171.5,0.049,22.27,6.95,169.6,100.7,101.9,8.24,0.069,0.08,169.8,-0.03,-0.18,110,3.97,0,1.185,7.73,-53.2,25.532,0.003,44.99421,-73.14935,29.3,5.22,0,756.9
8/14/19,13:44:01,Miss wetland,0.32,-1.58,172.5,0.06,22.12,6.9,170,100.9,102.1,8.23,0.085,0.08,170.3,-0.03,-0.18,111,3.62,0,1.185,7.72,-52.7,25.683,0.006,44.99479,-73.14914,29.7,5.24,0,756.8
8/14/19,13:45:01,Miss wetland,0.11,-1.81,173.5,0.059,22.16,6.92,170.4,101.6,102.8,8.26,0.084,0.08,170.7,-0.07,-0.19,111,3.3,0,1.185,7.72,-52.9,25.864,0.01,44.9954,-73.14899,29.9,5.24,0,756.8
8/14/19,13:46:01,Miss wetland,0.27,-1.63,175.2,0.071,21.54,6.71,169.7,106.7,107.9,8.57,0.1,0.08,170.3,-0.01,-0.17,111,2.98,0,1.185,7.85,-60.4,26.518,-0.003,44.99604,-73.14922,31.5,5.23,0,756.8
8/14/19,13:47:01,Miss wetland,0.15,-1.76,175.9,0.058,21.34,6.65,170.1,104.4,105.6,8.38,0.082,0.08,170.7,-0.04,-0.18,111,3.13,0,1.185,7.76,-55.1,26.595,-0.003,44.99663,-73.14955,33.1,5.24,0,756.8
8/14/19,13:48:01,Miss wetland,0.07,-1.85,175.5,0.087,21.68,6.76,169.8,108.3,109.6,8.7,0.123,0.08,170.4,-0.06,-0.19,111,3.1,0,1.185,7.76,-55.3,26.578,0.004,44.99713,-73.15001,30.8,5.24,0,756.9
8/14/19,13:49:01,Miss wetland,0.04,-1.89,177.1,0.052,21.45,6.69,170,104.4,105.6,8.32,0.074,0.08,170.7,-0.01,-0.17,111,2.92,0,1.185,7.77,-55.6,26.957,0.001,44.99755,-73.1506,32,5.22,0,756.9
8/14/19,13:50:01,Miss wetland,-0.02,-1.96,177.4,0.053,21.04,6.55,170.2,104.1,105.3,8.29,0.076,0.08,170.9,-0.04,-0.18,111,3.01,0,1.185,7.78,-56.5,27.021,0.003,44.99801,-73.15118,31.7,5.21,0,756.9
8/14/19,13:51:01,Miss wetland,0.19,-1.72,177.3,0.053,21.41,6.67,170.1,104.9,106.1,8.36,0.076,0.08,170.8,0,-0.17,111,3.14,0,1.185,7.82,-59,26.992,0,44.99847,-73.15171,35.4,5.23,0,756.7
8/14/19,13:52:01,Miss wetland,0.23,-1.68,175.3,0.058,21.45,6.69,170.2,102.9,104.2,8.28,0.082,0.08,170.7,-0.02,-0.17,111,3.36,0,1.185,7.77,-56.1,26.424,0.004,44.99897,-73.15215,35.1,5.23,0,756.9
8/14/19,13:53:01,Miss wetland,0.24,-1.66,175.6,0.055,21.51,6.71,170.2,103.4,104.6,8.31,0.078,0.08,170.7,0.07,-0.15,111,3.28,0,1.185,7.76,-55.5,26.489,0.003,44.99956,-73.15248,34.6,5.22,0,756.8
8/14/19,13:54:01,Miss wetland,0.26,-1.64,175.7,0.059,21.63,6.74,170.2,104.5,105.7,8.39,0.083,0.08,170.7,-0.06,-0.18,111,3.16,0,1.185,7.76,-55.4,26.529,0.006,45.0002,-73.15265,38,5.23,0,756.8
8/14/19,13:55:01,Miss wetland,0.34,-1.55,177.7,0.057,21.62,6.74,170,110.3,111.6,8.76,0.081,0.08,170.8,-0.06,-0.19,111,2.78,0,1.185,7.99,-69.1,27.122,0.002,45.00082,-73.15279,34.9,5.23,0,756.9
8/14/19,13:56:01,Miss wetland,0.21,-1.71,176.3,0.056,21.51,6.7,170.5,104.4,105.6,8.37,0.08,0.08,171.1,-0.05,-0.18,111,3.05,0,1.185,7.81,-58.2,26.603,0.01,45.00146,-73.15303,32.4,5.22,0,756.9
8/14/19,13:57:01,Miss wetland,0.25,-1.66,174.9,0.051,21.55,6.72,170.5,102.3,103.5,8.26,0.073,0.08,170.9,-0.06,-0.19,111,3.4,0,1.185,7.74,-54.1,26.233,0,45.00206,-73.15348,34,5.23,0,756.9
8/14/19,13:58:01,Miss wetland,0.27,-1.64,175.6,0.055,21.75,6.78,170.4,103,104.2,8.29,0.078,0.08,170.9,-0.01,-0.17,111,3.21,0,1.185,7.76,-55.1,26.444,-0.001,45.00261,-73.15395,32.2,5.21,0,756.7
8/14/19,13:59:01,Miss wetland,0.29,-1.61,178,0.055,21.54,6.71,170.5,105.7,107,8.41,0.078,0.08,171.2,-0.07,-0.19,111,2.87,0,1.185,7.81,-58.3,27.078,-0.006,45.00311,-73.15454,30.2,5.22,0,756.8
8/14/19,14:00:01,Miss wetland,0.1,-1.82,178.9,0.049,21.51,6.71,170.2,107.5,108.8,8.51,0.07,0.08,171.1,-0.04,-0.18,111,2.59,0,1.185,7.91,-64.6,27.411,0.001,45.00359,-73.15514,32.3,5.23,0,756.8
8/14/19,14:01:01,Miss wetland,0.06,-1.87,179.8,0.047,20.29,6.31,170.6,105.8,107.1,8.35,0.066,0.08,171.5,-0.05,-0.18,111,2.65,0,1.185,7.83,-59.3,27.536,-0.009,45.00399,-73.15579,31,5.22,0,756.7
8/14/19,14:02:01,Miss wetland,0.06,-1.87,179.9,0.06,20.67,6.43,170.5,106.4,107.6,8.38,0.085,0.08,171.5,-0.07,-0.19,111,2.72,0,1.185,7.84,-59.9,27.583,0.001,45.00436,-73.15651,31,5.21,0,756.8
8/14/19,14:03:01,Miss wetland,0.03,-1.91,178.9,0.057,20.55,6.39,170.6,104.5,105.8,8.28,0.08,0.08,171.4,-0.03,-0.18,111,2.84,0,1.185,7.78,-56.5,27.296,0,45.00459,-73.15729,32.7,5.23,0,756.9
8/14/19,14:04:01,Miss wetland,0.13,-1.79,177.5,0.06,20.84,6.49,170.4,104.6,105.8,8.34,0.085,0.08,171.1,-0.09,-0.19,111,2.94,0,1.185,7.77,-56.2,26.952,0.01,45.00484,-73.1581,30.6,5.22,0,756.9
8/14/19,14:05:01,Miss wetland,0.09,-1.83,177.2,0.057,21.08,6.57,170.5,104.2,105.5,8.33,0.081,0.08,171.1,-0.04,-0.18,111,3.05,0,1.185,7.75,-54.9,26.853,0,45.00513,-73.15889,31.3,5.22,0,756.9
8/14/19,14:06:01,Miss wetland,0.18,-1.73,176.8,0.057,21.5,6.7,170.3,105.3,106.6,8.42,0.08,0.08,171,-0.07,-0.19,111,3.02,0,1.185,7.78,-56.5,26.798,0.019,45.00544,-73.15969,30.3,5.2,0,756.8
8/14/19,14:07:01,Miss wetland,0.02,-1.92,177.5,0.051,20.93,6.52,170.6,104.1,105.3,8.3,0.072,0.08,171.2,-0.01,-0.17,111,2.9,0,1.185,7.77,-55.7,26.928,-0.004,45.00567,-73.16058,31.2,5.22,0,756.8
8/14/19,14:08:01,Miss wetland,0.02,-1.92,177.6,0.055,20.74,6.46,170.7,103.1,104.3,8.23,0.078,0.08,171.4,-0.13,-0.21,111,2.85,0,1.185,7.75,-54.8,26.916,0.001,45.00586,-73.16146,32.1,5.22,0,756.9
8/14/19,14:09:01,Miss wetland,0.08,-1.84,175.9,0.055,21.18,6.6,170.6,103.5,104.8,8.33,0.078,0.08,171.1,-0.06,-0.18,111,2.99,0,1.185,7.75,-54.7,26.474,-0.003,45.006,-73.16233,31.7,5.22,0,757
8/14/19,14:10:01,Miss wetland,0.13,-1.79,174.7,0.059,21.78,6.79,170.5,102.9,104.1,8.32,0.083,0.08,170.9,-0.04,-0.18,111,3.21,0,1.185,7.74,-54,26.167,-0.004,45.00607,-73.16329,32.5,5.22,0,756.9
8/14/19,14:11:01,Miss wetland,0.35,-1.55,171.4,0.067,23.69,7.41,170.5,98,99.1,8.06,0.095,0.08,170.6,0.01,-0.16,111,4.41,0,1.185,7.64,-48,25.245,0.015,45.00631,-73.16399,29.5,5.22,0,756.8
8/14/19,14:12:01,Miss wetland,0.21,-1.7,171.5,0.099,23.62,7.39,170.5,98.3,99.5,8.08,0.141,0.08,170.6,-0.06,-0.18,111,4.5,0,1.185,7.61,-46.4,25.299,0.097,45.00637,-73.16409,32,5.21,0,756.9
8/14/19,14:13:01,Miss wetland,0.48,-1.4,171,0.136,23.82,7.45,170.5,97,98.2,7.99,0.192,0.08,170.5,0.01,-0.16,111,4.67,0,1.185,7.61,-45.9,25.153,0.081,45.00624,-73.16371,29.8,5.22,0,757
8/14/19,14:14:01,Miss wetland,0.53,-1.35,172.1,0.143,23.25,7.27,170.5,99.7,100.9,8.17,0.203,0.08,170.6,0.05,-0.15,111,3.94,0,1.185,7.66,-49.4,25.456,0.071,45.00602,-73.16342,31,5.2,0,757
8/14/19,14:15:01,Miss wetland,0.25,-1.65,175,0.138,21.75,6.78,170.6,103.9,105.1,8.39,0.196,0.08,171,-0.07,-0.19,111,3.11,0,1.185,7.74,-54.2,26.212,0.064,45.00595,-73.16348,33.9,5.2,0,756.9
8/14/19,14:16:01,Miss wetland,0.12,-1.8,175,0.016,21.74,6.78,170.6,103,104.3,8.32,0.023,0.08,171,-0.05,-0.18,111,3.1,0,1.185,7.76,-54.9,26.211,-0.038,45.00602,-73.16338,30.3,5.22,0,756.9