DateTimeS,r_timestamp,transect,dist_from_prev_m,dist_cum_m,lat,lon,elev,Date,Time,temp_c,do_per,do_mgl,spc_uscm,tds_mgl,ph,chla_ugl,fdom_qsu,scan_NO3_mgNL,scan_DOC_mgCL,NO3_UM,NH4_UM,PO4_UM,NO3_mgNL,NH4_mgNL,PO4_mgPL,TDN_UM,TDN_mgNL,TDP_UM,TDP_mgPL,TN_UM,TN_mgNL,TP_UM,TP_mgPL,tss_mgL,NPOC_mgCL,Al_ppb_0.45,Si_ppb_0.45,P_ppb_0.45,Mn_ppb_0.45,Fe_ppb_0.45
2019-08-14T13:53:00Z,8/14/19 9:53,Dead Creek,0,0,44.94664985,-73.14743932,-0.5033,8/14/19,9:53:02,23.348,91.8,7.82,138.2,90,7.69,-1.88,34.81,0.22834325,3.531311752,15.701,1.44,0.144,0.22,0.02,0.004,32.444,0.454462574,0.247,0.00764218,32.911,0.461004124,0.728,0.02252432,0.94,3.637,12.07664371,1817.729477,5.309849713,6.670361129,70.72163202
2019-08-14T13:54:00Z,8/14/19 9:54,Dead Creek,82.62032581,82.62032581,44.94730009,-73.14693177,-0.5387,8/14/19,9:54:02,23.384,91.6,7.79,138,90,7.69,-1.94,34.63,0.228730998,3.522469387,NA,NA,NA,NA,NA,NA,NA,NA,NA,NA,NA,NA,NA,NA,NA,NA,NA,NA,NA,NA,NA
2019-08-14T13:55:00Z,8/14/19 9:55,Dead Creek,76.69179495,159.3121208,44.94793227,-73.14654206,-0.5133,8/14/19,9:55:02,23.37,91.9,7.83,137.8,90,7.69,-1.9,34.47,0.227971849,3.540511966,NA,NA,NA,NA,NA,NA,NA,NA,NA,NA,NA,NA,NA,NA,NA,NA,NA,NA,NA,NA,NA
2019-08-14T13:56:00Z,8/14/19 9:56,Dead Creek,59.05099387,218.3631146,44.94845214,-73.14638726,-0.5142,8/14/19,9:56:02,23.374,92.3,7.86,137.9,90,7.7,-1.9,34.5,0.227719344,3.549508794,NA,NA,NA,NA,NA,NA,NA,NA,NA,NA,NA,NA,NA,NA,NA,NA,NA,NA,NA,NA,NA
2019-08-14T13:57:00Z,8/14/19 9:57,Dead Creek,65.92998446,284.2930991,44.94904391,-73.14632807,-0.5205,8/14/19,9:57:02,23.355,91.6,7.81,138.1,90,7.68,-1.89,34.45,0.228495382,3.528006239,15.974,0.995,0.061,0.224,0.014,0.002,31.142,0.436224679,0.288,0.00891072,33.475,0.46890441,0.724,0.02240056,2.82,3.586,11.48525201,1779.458541,4.171862899,5.384077681,67.21816703
2019-08-14T13:58:00Z,8/14/19 9:58,Dead Creek,80.52135411,364.8144532,44.94976187,-73.14646551,-0.5228,8/14/19,9:58:02,23.38,91.3,7.77,138.3,90,7.68,-1.91,34.37,0.229172225,3.532895268,NA,NA,NA,NA,NA,NA,NA,NA,NA,NA,NA,NA,NA,NA,NA,NA,NA,NA,NA,NA,NA
2019-08-14T13:59:00Z,8/14/19 9:59,Dead Creek,67.50958829,432.3240415,44.95034962,-73.14668177,-0.5325,8/14/19,9:59:02,23.372,90.5,7.71,138.3,90,7.66,-1.98,34.32,0.228798243,3.534407752,NA,NA,NA,NA,NA,NA,NA,NA,NA,NA,NA,NA,NA,NA,NA,NA,NA,NA,NA,NA,NA
2019-08-14T14:00:00Z,8/14/19 10:00,Dead Creek,66.06792695,498.3919684,44.95092554,-73.14688948,-0.5196,8/14/19,10:00:02,23.362,90.3,7.69,138.3,90,7.66,-1.85,34.5,0.228093781,3.543176473,NA,NA,NA,NA,NA,NA,NA,NA,NA,NA,NA,NA,NA,NA,NA,NA,NA,NA,NA,NA,NA
2019-08-14T14:01:00Z,8/14/19 10:01,Dead Creek,59.29678897,557.6887574,44.95139921,-73.14654358,-0.5251,8/14/19,10:01:02,23.34,89.8,7.65,138.2,90,7.65,-1.87,34.6,0.229087055,3.544604786,16.222,1.114,0.095,0.227,0.016,0.003,31.76,0.444881376,0.32,0.0099008,34.108,0.477771221,0.742,0.02295748,3.77,3.468,11.49744239,1787.074094,5.064244948,6.5125969,68.61719011
2019-08-14T14:02:00Z,8/14/19 10:02,Dead Creek,63.99004219,621.6787996,44.95150249,-73.14574584,-0.5213,8/14/19,10:02:02,23.391,91,7.75,138.3,90,7.67,-1.84,34.34,0.227575267,3.562930241,NA,NA,NA,NA,NA,NA,NA,NA,NA,NA,NA,NA,NA,NA,NA,NA,NA,NA,NA,NA,NA
2019-08-14T14:03:00Z,8/14/19 10:03,Dead Creek,66.17119279,687.8499924,44.95143456,-73.14491278,-0.5241,8/14/19,10:03:02,23.37,89.6,7.63,138.2,90,7.64,-1.84,34.49,0.229553007,3.54629531,NA,NA,NA,NA,NA,NA,NA,NA,NA,NA,NA,NA,NA,NA,NA,NA,NA,NA,NA,NA,NA
2019-08-14T14:04:00Z,8/14/19 10:04,Dead Creek,64.81260629,752.6625987,44.95151041,-73.14409845,-0.5238,8/14/19,10:04:02,23.377,88.9,7.57,138.6,90,7.61,-1.8,34.46,0.232764195,3.542339811,NA,NA,NA,NA,NA,NA,NA,NA,NA,NA,NA,NA,NA,NA,NA,NA,NA,NA,NA,NA,NA
2019-08-14T14:05:00Z,8/14/19 10:05,Dead Creek,67.86154953,820.5241482,44.95184057,-73.14337502,-0.5307,8/14/19,10:05:02,23.385,89.1,7.58,138.6,90,7.61,-1.75,34.47,0.232188196,3.540812294,16.936,1.21,0.068,0.237,0.017,0.002,33.742,0.472644439,0.292,0.00903448,36.442,0.510464959,0.833,0.02577302,1.9,3.463,11.23897114,1807.236471,4.419289905,10.0212206,72.71263236
2019-08-14T14:06:00Z,8/14/19 10:06,Dead Creek,65.25298188,885.7771301,44.95231252,-73.14288307,-0.5089,8/14/19,10:06:02,23.412,89.2,7.59,138.8,90,7.61,-1.75,34.45,0.235714487,3.520432912,NA,NA,NA,NA,NA,NA,NA,NA,NA,NA,NA,NA,NA,NA,NA,NA,NA,NA,NA,NA,NA
2019-08-14T14:07:00Z,8/14/19 10:07,Dead Creek,63.50415866,949.2812887,44.95283751,-73.14256528,-0.5314,8/14/19,10:07:02,23.438,89.3,7.6,139,90,7.61,-1.96,34.37,0.235453914,3.530221251,NA,NA,NA,NA,NA,NA,NA,NA,NA,NA,NA,NA,NA,NA,NA,NA,NA,NA,NA,NA,NA
2019-08-14T14:08:00Z,8/14/19 10:08,Dead Creek,72.94959107,1022.23088,44.95347375,-73.14233774,-0.5298,8/14/19,10:08:02,23.481,89.3,7.59,139.3,91,7.61,-1.99,34.37,0.235196237,3.525333718,NA,NA,NA,NA,NA,NA,NA,NA,NA,NA,NA,NA,NA,NA,NA,NA,NA,NA,NA,NA,NA
2019-08-14T14:09:00Z,8/14/19 10:09,Dead Creek,64.36889818,1086.599778,44.9540494,-73.1422473,-0.5283,8/14/19,10:09:02,23.504,91.2,7.75,139.6,91,7.63,-1.87,34.39,0.233727673,3.530811439,16.856,1.264,0.14,0.236,0.018,0.004,33.023,0.462572975,0.314,0.00971516,34.94,0.489425544,0.796,0.02462824,2.79,3.466,12.01660311,1783.874318,5.427086385,17.7795158,86.99451304
2019-08-14T14:10:00Z,8/14/19 10:10,Dead Creek,60.50845049,1147.108228,44.9545933,-73.14228263,-0.4428,8/14/19,10:10:02,23.477,89.5,7.61,139.5,91,7.61,-2.02,34.47,0.237753579,3.512021925,NA,NA,NA,NA,NA,NA,NA,NA,NA,NA,NA,NA,NA,NA,NA,NA,NA,NA,NA,NA,NA
2019-08-14T14:11:00Z,8/14/19 10:11,Dead Creek,65.4797568,1212.587985,44.9551757,-73.14240839,-0.1705,8/14/19,10:11:02,23.488,89.3,7.59,139.6,91,7.6,-2,34.35,0.235621951,3.528831847,NA,NA,NA,NA,NA,NA,NA,NA,NA,NA,NA,NA,NA,NA,NA,NA,NA,NA,NA,NA,NA
2019-08-14T14:12:00Z,8/14/19 10:12,Dead Creek,66.79718335,1279.385169,44.95577639,-73.14243863,-0.1943,8/14/19,10:12:02,23.429,89.1,7.58,139.6,91,7.6,-1.8,34.63,0.237634864,3.523330581,NA,NA,NA,NA,NA,NA,NA,NA,NA,NA,NA,NA,NA,NA,NA,NA,NA,NA,NA,NA,NA
2019-08-14T14:13:00Z,8/14/19 10:13,Dead Creek,67.22123286,1346.606401,44.95638115,-73.14242136,-0.1852,8/14/19,10:13:02,23.43,89,7.57,139.7,91,7.6,-1.8,34.67,0.236125188,3.529181071,16.926,1.056,0.139,0.237,0.015,0.004,33.679,0.47176196,0.373,0.01154062,35.353,0.495210683,0.817,0.02527798,3.76,3.62,11.088701,1761.196761,4.512969389,10.89822424,75.43940608
2019-08-14T14:14:00Z,8/14/19 10:14,Dead Creek,69.12071986,1415.727121,44.95698094,-73.1421895,-0.1899,8/14/19,10:14:02,23.443,88.9,7.56,139.7,91,7.61,-1.78,34.8,0.240434009,3.506525756,NA,NA,NA,NA,NA,NA,NA,NA,NA,NA,NA,NA,NA,NA,NA,NA,NA,NA,NA,NA,NA
2019-08-14T14:15:00Z,8/14/19 10:15,Dead Creek,65.72311261,1481.450234,44.95744945,-73.14168119,-0.2309,8/14/19,10:15:02,23.471,88.9,7.56,139.7,91,7.6,-1.98,34.6,0.238802292,3.530686511,NA,NA,NA,NA,NA,NA,NA,NA,NA,NA,NA,NA,NA,NA,NA,NA,NA,NA,NA,NA,NA
2019-08-14T14:16:00Z,8/14/19 10:16,Dead Creek,66.3374427,1547.787677,44.95755737,-73.14085432,-0.539,8/14/19,10:16:02,23.431,88.9,7.56,139.7,91,7.61,-1.91,34.45,0.239240008,3.524428351,NA,NA,NA,NA,NA,NA,NA,NA,NA,NA,NA,NA,NA,NA,NA,NA,NA,NA,NA,NA,NA
2019-08-14T14:17:00Z,8/14/19 10:17,Dead Creek,64.69914175,1612.486818,44.95775256,-73.14008181,-0.5383,8/14/19,10:17:02,23.458,88.6,7.53,140.4,91,7.58,-1.92,34.87,0.241545184,3.501545617,17.319,1.267,0.065,0.243,0.018,0.002,33.643,0.471257687,0.354,0.01095276,35.226,0.493431718,0.748,0.02314312,0.94,3.598,11.22450452,1799.138026,4.944027237,10.22538171,79.36930346
2019-08-14T14:18:00Z,8/14/19 10:18,Dead Creek,60.43428853,1672.921107,44.95821992,-73.13969021,-0.5788,8/14/19,10:18:02,23.463,88.5,7.53,140.6,91,7.57,-1.95,34.75,0.240582036,3.507168639,NA,NA,NA,NA,NA,NA,NA,NA,NA,NA,NA,NA,NA,NA,NA,NA,NA,NA,NA,NA,NA
2019-08-14T14:19:00Z,8/14/19 10:19,Dead Creek,62.68977027,1735.610877,44.95869752,-73.13926741,-0.5402,8/14/19,10:19:02,23.537,89.4,7.59,140.4,91,7.59,-1.88,34.62,0.2408331,3.521666094,NA,NA,NA,NA,NA,NA,NA,NA,NA,NA,NA,NA,NA,NA,NA,NA,NA,NA,NA,NA,NA
2019-08-14T14:20:00Z,8/14/19 10:20,Dead Creek,63.15907309,1798.76995,44.95910091,-73.13870355,-0.5589,8/14/19,10:20:02,23.549,89.2,7.57,140.4,91,7.6,-2.02,34.63,0.243085448,3.513446827,NA,NA,NA,NA,NA,NA,NA,NA,NA,NA,NA,NA,NA,NA,NA,NA,NA,NA,NA,NA,NA
2019-08-14T14:21:00Z,8/14/19 10:21,Dead Creek,64.07399114,1862.843941,44.95934881,-73.13797038,-0.5396,8/14/19,10:21:02,23.486,89,7.56,140.3,91,7.6,-1.89,34.64,0.243591678,3.508129827,17.724,1.021,0.068,0.248,0.014,0.002,33.428,0.468246053,0.304,0.00940576,34.568,0.484214717,0.699,0.02162706,1.96,3.504,11.41138339,1772.498743,5.043218005,9.844087656,73.83656281
2019-08-14T14:22:00Z,8/14/19 10:22,Dead Creek,58.22168786,1921.065629,44.95918187,-73.13727095,-0.6424,8/14/19,10:22:02,23.577,89.4,7.58,140.4,91,7.6,-1.9,34.46,0.244111166,3.511777911,NA,NA,NA,NA,NA,NA,NA,NA,NA,NA,NA,NA,NA,NA,NA,NA,NA,NA,NA,NA,NA
2019-08-14T14:23:00Z,8/14/19 10:23,Dead Creek,54.75352157,1975.819151,44.95895083,-73.13665804,-0.5299,8/14/19,10:23:02,23.575,89.3,7.58,140.5,91,7.6,-1.87,34.49,0.244350121,3.505533475,NA,NA,NA,NA,NA,NA,NA,NA,NA,NA,NA,NA,NA,NA,NA,NA,NA,NA,NA,NA,NA
2019-08-14T14:24:00Z,8/14/19 10:24,Dead Creek,58.99603895,2034.81519,44.95868069,-73.13601439,-0.5312,8/14/19,10:24:02,23.538,89.3,7.58,140.6,91,7.6,-1.69,34.78,0.246325583,3.511459415,NA,NA,NA,NA,NA,NA,NA,NA,NA,NA,NA,NA,NA,NA,NA,NA,NA,NA,NA,NA,NA
2019-08-14T14:25:00Z,8/14/19 10:25,Dead Creek,60.98785314,2095.803043,44.95886259,-73.13528514,-0.5322,8/14/19,10:25:02,23.627,89.5,7.58,140.9,92,7.6,-1.92,34.59,0.244954982,3.512954855,17.807,1.001,0.081,0.249,0.014,0.003,34.268,0.480012437,0.334,0.01033396,35.736,0.500575594,0.759,0.02348346,2.96,3.558,11.89645153,1822.981489,4.944058714,8.680085366,75.18432456
2019-08-14T14:26:00Z,8/14/19 10:26,Dead Creek,66.67804391,2162.481087,44.95934675,-73.134786,-0.5188,8/14/19,10:26:02,23.559,89.4,7.59,140.8,92,7.6,-1.66,34.77,0.245464104,3.510612125,NA,NA,NA,NA,NA,NA,NA,NA,NA,NA,NA,NA,NA,NA,NA,NA,NA,NA,NA,NA,NA
2019-08-14T14:27:00Z,8/14/19 10:27,Dead Creek,65.14929789,2227.630385,44.95989616,-73.13449799,-0.526,8/14/19,10:27:02,23.617,89.8,7.61,141,92,7.61,-1.94,34.48,0.246123035,3.506640357,NA,NA,NA,NA,NA,NA,NA,NA,NA,NA,NA,NA,NA,NA,NA,NA,NA,NA,NA,NA,NA
2019-08-14T14:28:00Z,8/14/19 10:28,Dead Creek,63.48833168,2291.118716,44.96045629,-73.1343397,-0.5038,8/14/19,10:28:02,23.684,90,7.62,141.2,92,7.6,-2.07,34.33,0.247371132,3.524946961,NA,NA,NA,NA,NA,NA,NA,NA,NA,NA,NA,NA,NA,NA,NA,NA,NA,NA,NA,NA,NA
2019-08-14T14:29:00Z,8/14/19 10:29,Dead Creek,63.14524297,2354.263959,44.96094904,-73.13394117,-0.5405,8/14/19,10:29:02,23.662,90.3,7.64,141.2,92,7.62,-1.95,34.54,0.247812817,3.494788851,18.044,1.226,0.07,0.253,0.017,0.002,33.52,0.469534752,0.301,0.00931294,35.537,0.497788081,0.736,0.02277184,4.61,3.538,11.96016674,1798.734969,4.809078633,11.00353718,78.48980009
2019-08-14T14:30:00Z,8/14/19 10:30,Dead Creek,61.41524839,2415.679208,44.96131668,-73.13336001,-0.5301,8/14/19,10:30:02,23.695,90.8,7.68,141.3,92,7.62,-2.02,34.42,0.246747237,3.506484281,NA,NA,NA,NA,NA,NA,NA,NA,NA,NA,NA,NA,NA,NA,NA,NA,NA,NA,NA,NA,NA
2019-08-14T14:31:00Z,8/14/19 10:31,Dead Creek,64.16483137,2479.844039,44.96165084,-73.1326968,-0.5332,8/14/19,10:31:02,23.731,91.2,7.71,141.4,92,7.63,-1.96,34.31,0.24903843,3.509667664,NA,NA,NA,NA,NA,NA,NA,NA,NA,NA,NA,NA,NA,NA,NA,NA,NA,NA,NA,NA,NA
2019-08-14T14:32:00Z,8/14/19 10:32,Dead Creek,69.372398,2549.216437,44.96205496,-73.13202665,-0.5606,8/14/19,10:32:02,23.845,93.1,7.86,141.7,92,7.66,-1.95,34.12,0.246148598,3.513612639,NA,NA,NA,NA,NA,NA,NA,NA,NA,NA,NA,NA,NA,NA,NA,NA,NA,NA,NA,NA,NA
2019-08-14T14:33:00Z,8/14/19 10:33,Dead Creek,66.97909467,2616.195532,44.96252308,-73.13149195,-0.5219,8/14/19,10:33:02,23.777,93.1,7.86,141.7,92,7.68,-1.9,34.34,0.249898149,3.508041605,18.03,1.098,0.062,0.253,0.015,0.002,32.518,0.455499137,0.309,0.00956046,34.651,0.485377348,0.787,0.02434978,2.87,3.428,12.10720224,1779.118243,4.687958993,9.707846403,76.88770417
2019-08-14T14:34:00Z,8/14/19 10:34,Dead Creek,62.47852768,2678.67406,44.9630825,-73.13141322,-0.4119,8/14/19,10:34:02,23.812,93.1,7.87,141.7,92,7.68,-1.98,34,0.248455041,3.513549514,NA,NA,NA,NA,NA,NA,NA,NA,NA,NA,NA,NA,NA,NA,NA,NA,NA,NA,NA,NA,NA
2019-08-14T14:35:00Z,8/14/19 10:35,Dead Creek,65.14958631,2743.823646,44.96364291,-73.13165565,-0.5599,8/14/19,10:35:02,23.902,94.6,7.97,141.9,92,7.71,-2.03,34,0.249477429,3.501702591,NA,NA,NA,NA,NA,NA,NA,NA,NA,NA,NA,NA,NA,NA,NA,NA,NA,NA,NA,NA,NA
2019-08-14T14:36:00Z,8/14/19 10:36,Dead Creek,67.94725768,2811.770903,44.9641728,-73.13208531,-0.568,8/14/19,10:36:02,23.982,94.6,7.97,142,92,7.71,-2.12,33.79,0.250101783,3.504732538,NA,NA,NA,NA,NA,NA,NA,NA,NA,NA,NA,NA,NA,NA,NA,NA,NA,NA,NA,NA,NA
2019-08-14T14:37:00Z,8/14/19 10:37,Dead Creek,71.66672264,2883.437626,44.96480542,-73.13226164,-0.5742,8/14/19,10:37:02,24.047,94.6,7.96,142.1,92,7.7,-2.12,33.87,0.249621743,3.511246919,18.081,1.017,0.088,0.253,0.014,0.003,33.09,0.463511484,0.337,0.01042678,35.62,0.498950712,0.734,0.02270996,1.95,3.541,13.1501161,1811.814634,5.790016889,12.24449419,83.74100484
2019-08-14T14:38:00Z,8/14/19 10:38,Dead Creek,68.41881277,2951.856439,44.96539083,-73.13199319,-0.5512,8/14/19,10:38:02,24.056,94.7,7.97,142.1,92,7.71,-1.97,33.74,0.251682753,3.514701928,NA,NA,NA,NA,NA,NA,NA,NA,NA,NA,NA,NA,NA,NA,NA,NA,NA,NA,NA,NA,NA
2019-08-14T14:39:00Z,8/14/19 10:39,Dead Creek,58.43016265,3010.286602,44.96583387,-73.13159437,-0.5653,8/14/19,10:39:02,24.113,95.2,8,142.2,92,7.71,-2.09,33.65,0.250808003,3.501148723,NA,NA,NA,NA,NA,NA,NA,NA,NA,NA,NA,NA,NA,NA,NA,NA,NA,NA,NA,NA,NA
2019-08-14T14:40:00Z,8/14/19 10:40,Dead Creek,66.80032666,3077.086928,44.96624952,-73.13098272,-0.5456,8/14/19,10:40:02,24.124,95.5,8.02,142.4,93,7.7,-2.17,33.76,0.251171474,3.522339987,NA,NA,NA,NA,NA,NA,NA,NA,NA,NA,NA,NA,NA,NA,NA,NA,NA,NA,NA,NA,NA
2019-08-14T14:41:00Z,8/14/19 10:41,Dead Creek,64.55357018,3141.640498,44.96673888,-73.13054187,-0.5413,8/14/19,10:41:02,24.218,96.4,8.08,142.5,93,7.71,-2.07,33.38,0.250637529,3.512616675,17.148,0.841,0.063,0.24,0.012,0.002,32.832,0.459897523,0.286,0.00884884,35.486,0.497073694,0.76,0.0235144,2.92,3.461,12.99186719,1765.736282,6.110973761,12.02138069,87.64044392
2019-08-14T14:42:00Z,8/14/19 10:42,Dead Creek,66.04081487,3207.681313,44.96724779,-73.13010963,-0.5567,8/14/19,10:42:02,24.468,98.1,8.19,142.6,93,7.74,-2.18,33,0.249617542,3.525424642,NA,NA,NA,NA,NA,NA,NA,NA,NA,NA,NA,NA,NA,NA,NA,NA,NA,NA,NA,NA,NA
2019-08-14T14:43:00Z,8/14/19 10:43,Dead Creek,67.2729965,3274.95431,44.96779272,-73.12973828,-0.5407,8/14/19,10:43:02,24.311,98.1,8.21,142.7,93,7.76,-1.94,33.19,0.251260718,3.504710845,NA,NA,NA,NA,NA,NA,NA,NA,NA,NA,NA,NA,NA,NA,NA,NA,NA,NA,NA,NA,NA
2019-08-14T14:44:00Z,8/14/19 10:44,Dead Creek,66.21633878,3341.170649,44.968332,-73.12938133,-0.5407,8/14/19,10:44:02,24.28,98.6,8.25,142.7,93,7.77,-1.99,33.01,0.251940923,3.498034809,NA,NA,NA,NA,NA,NA,NA,NA,NA,NA,NA,NA,NA,NA,NA,NA,NA,NA,NA,NA,NA
2019-08-14T14:45:00Z,8/14/19 10:45,Dead Creek,72.31655276,3413.487201,44.96897332,-73.12922601,-0.5557,8/14/19,10:45:02,24.212,98.8,8.28,142.6,93,7.79,-1.98,33.1,0.251625497,3.492383879,17.851,0.771,0.052,0.25,0.011,0.002,33.068,0.463203317,0.285,0.0088179,35.631,0.499104796,0.812,0.02512328,2.89,3.498,13.81731348,1771.570677,5.617145698,11.16441849,83.54385677
2019-08-14T14:46:00Z,8/14/19 10:46,Dead Creek,70.5874403,3484.074642,44.96960843,-73.12923813,-0.5541,8/14/19,10:46:02,24.194,99,8.3,142.6,93,7.79,-1.93,33.38,0.253207077,3.489287961,NA,NA,NA,NA,NA,NA,NA,NA,NA,NA,NA,NA,NA,NA,NA,NA,NA,NA,NA,NA,NA
2019-08-14T14:47:00Z,8/14/19 10:47,Dead Creek,66.59524982,3550.669891,44.97020603,-73.12930071,-0.5488,8/14/19,10:47:02,24.215,99.6,8.35,142.6,93,7.8,-2.03,33.34,0.250272885,3.492607112,NA,NA,NA,NA,NA,NA,NA,NA,NA,NA,NA,NA,NA,NA,NA,NA,NA,NA,NA,NA,NA
2019-08-14T14:48:00Z,8/14/19 10:48,Dead Creek,67.40762327,3618.077515,44.97076974,-73.12961619,-0.5736,8/14/19,10:48:01,24.205,100.3,8.41,142.7,93,7.8,-2.06,33.16,0.248724818,3.487907816,NA,NA,NA,NA,NA,NA,NA,NA,NA,NA,NA,NA,NA,NA,NA,NA,NA,NA,NA,NA,NA
2019-08-14T14:49:00Z,8/14/19 10:49,Dead Creek,64.22000707,3682.297522,44.97125803,-73.13005156,-0.5243,8/14/19,10:49:01,24.225,100.6,8.43,142.7,93,7.8,-1.97,33.41,0.248901589,3.507961022,17.621,0.832,0.05,0.247,0.012,0.002,32.839,0.459995576,0.286,0.00884884,35.197,0.493025497,0.793,0.02453542,2.87,3.401,15.38676306,1758.722558,5.802352679,14.32678763,97.95094395
2019-08-14T14:50:00Z,8/14/19 10:50,Dead Creek,67.13299263,3749.430514,44.9717436,-73.13055783,-0.557,8/14/19,10:50:01,24.251,101.4,8.49,142.8,93,7.82,-2.01,33.35,0.249907482,3.503142695,NA,NA,NA,NA,NA,NA,NA,NA,NA,NA,NA,NA,NA,NA,NA,NA,NA,NA,NA,NA,NA
2019-08-14T14:51:00Z,8/14/19 10:51,Dead Creek,68.77888212,3818.209397,44.97224789,-73.13106327,-0.5752,8/14/19,10:51:01,24.249,100.9,8.45,142.8,93,7.81,-2.03,33.36,0.249770947,3.504626084,NA,NA,NA,NA,NA,NA,NA,NA,NA,NA,NA,NA,NA,NA,NA,NA,NA,NA,NA,NA,NA
2019-08-14T14:52:00Z,8/14/19 10:52,Dead Creek,74.90824568,3893.117642,44.97289065,-73.13134922,-0.6005,8/14/19,10:52:01,24.343,102.1,8.54,143,93,7.83,-2.01,33.23,0.249206808,3.497196099,NA,NA,NA,NA,NA,NA,NA,NA,NA,NA,NA,NA,NA,NA,NA,NA,NA,NA,NA,NA,NA
2019-08-14T14:53:00Z,8/14/19 10:53,Dead Creek,70.15432668,3963.271969,44.97351682,-73.13123627,-0.5844,8/14/19,10:53:01,24.316,101.8,8.52,143,93,7.82,-2,33.27,0.247346094,3.510079029,17.534,0.777,0.134,0.246,0.011,0.004,33.263,0.465934799,0.317,0.00980798,34.879,0.48857108,0.774,0.02394756,2.08,3.37,15.64805381,1738.038009,5.404927828,13.93093494,97.87008539
2019-08-14T14:54:00Z,8/14/19 10:54,Dead Creek,73.74962207,4037.021591,44.97390731,-73.13048034,-0.5684,8/14/19,10:54:01,24.437,102.3,8.54,143.1,93,7.82,-2.05,32.9,0.248201268,3.50417678,NA,NA,NA,NA,NA,NA,NA,NA,NA,NA,NA,NA,NA,NA,NA,NA,NA,NA,NA,NA,NA
2019-08-14T14:55:00Z,8/14/19 10:55,Dead Creek,75.216755,4112.238346,44.97389943,-73.12952687,-0.5815,8/14/19,10:55:01,24.431,101.8,8.5,143.2,93,7.81,-2.03,33.07,0.248600863,3.492577553,NA,NA,NA,NA,NA,NA,NA,NA,NA,NA,NA,NA,NA,NA,NA,NA,NA,NA,NA,NA,NA
2019-08-14T14:56:00Z,8/14/19 10:56,Dead Creek,77.0776988,4189.316045,44.97388175,-73.12855007,-0.5738,8/14/19,10:56:01,24.395,101.9,8.52,143.3,93,7.82,-2.01,33.16,0.250348981,3.492652551,NA,NA,NA,NA,NA,NA,NA,NA,NA,NA,NA,NA,NA,NA,NA,NA,NA,NA,NA,NA,NA
2019-08-14T14:57:00Z,8/14/19 10:57,Dead Creek,75.5991836,4264.915228,44.97410383,-73.1276442,-0.5686,8/14/19,10:57:01,24.434,102.2,8.53,143.4,93,7.82,-2.02,32.86,0.249510084,3.484891552,17.647,0.809,0.069,0.247,0.011,0.002,33.379,0.46755968,0.294,0.00909636,35.562,0.498138271,0.798,0.02469012,1.95,3.48,15.60965646,1757.534719,6.176369332,11.57449601,97.86686865
2019-08-14T14:58:00Z,8/14/19 10:58,Dead Creek,72.7575662,4337.672795,44.97447476,-73.12688417,-0.5667,8/14/19,10:58:01,24.49,102.4,8.54,143.6,93,7.83,-1.98,32.57,0.250498454,3.463296599,NA,NA,NA,NA,NA,NA,NA,NA,NA,NA,NA,NA,NA,NA,NA,NA,NA,NA,NA,NA,NA
2019-08-14T14:59:00Z,8/14/19 10:59,Dead Creek,68.69051204,4406.363307,44.9748864,-73.12623456,-0.5647,8/14/19,10:59:01,24.493,102.3,8.53,143.6,93,7.83,-2.02,32.53,0.250824528,3.472538466,NA,NA,NA,NA,NA,NA,NA,NA,NA,NA,NA,NA,NA,NA,NA,NA,NA,NA,NA,NA,NA
2019-08-14T15:00:00Z,8/14/19 11:00,Dead Creek,66.81050212,4473.173809,44.97524538,-73.12555516,-0.5819,8/14/19,11:00:01,24.513,102.4,8.54,143.7,93,7.83,-2.05,32.44,0.249095388,3.474749185,NA,NA,NA,NA,NA,NA,NA,NA,NA,NA,NA,NA,NA,NA,NA,NA,NA,NA,NA,NA,NA
2019-08-14T15:01:00Z,8/14/19 11:01,Dead Creek,67.15284837,4540.326657,44.97561726,-73.12488415,-0.5912,8/14/19,11:01:01,24.509,102.3,8.52,143.7,93,7.82,-2.03,32.43,0.248141832,3.478205989,17.709,0.806,0.048,0.248,0.011,0.001,34.374,0.481497242,0.312,0.00965328,34.929,0.48927146,0.772,0.02388568,0,3.501,15.0277635,1678.168683,5.825082463,13.75513804,94.02102095
2019-08-14T15:02:00Z,8/14/19 11:02,Dead Creek,68.07875193,4608.405409,44.97604324,-73.12426391,-0.6006,8/14/19,11:02:01,24.547,102.3,8.53,143.8,93,7.83,-2.05,32.22,0.250298321,3.453064377,NA,NA,NA,NA,NA,NA,NA,NA,NA,NA,NA,NA,NA,NA,NA,NA,NA,NA,NA,NA,NA
2019-08-14T15:03:00Z,8/14/19 11:03,Dead Creek,69.82070922,4678.226118,44.9765084,-73.12366891,-0.6211,8/14/19,11:03:01,24.612,102.5,8.53,144,94,7.83,-2.02,31.98,0.249343864,3.45646805,NA,NA,NA,NA,NA,NA,NA,NA,NA,NA,NA,NA,NA,NA,NA,NA,NA,NA,NA,NA,NA
2019-08-14T15:04:00Z,8/14/19 11:04,Dead Creek,71.56802342,4749.794142,44.97699335,-73.12307191,-0.6187,8/14/19,11:04:01,24.605,102.6,8.54,144,94,7.83,-2,32.01,0.249730017,3.438089876,NA,NA,NA,NA,NA,NA,NA,NA,NA,NA,NA,NA,NA,NA,NA,NA,NA,NA,NA,NA,NA
2019-08-14T15:05:00Z,8/14/19 11:05,Dead Creek,71.81244832,4821.60659,44.97742004,-73.1223882,-0.601,8/14/19,11:05:01,24.597,102.5,8.53,144.1,94,7.84,-1.99,31.97,0.248685226,3.455016453,17.658,0.729,0.052,0.247,0.01,0.002,32.733,0.458510771,0.289,0.00894166,35.975,0.50392341,0.793,0.02453542,3.04,3.569,15.58694227,1662.540603,5.776214519,13.05166776,89.71348008
2019-08-14T15:06:00Z,8/14/19 11:06,Dead Creek,71.00884411,4892.615434,44.9778824,-73.12176683,-0.6044,8/14/19,11:06:01,24.606,102.9,8.56,144,94,7.85,-2.03,31.8,0.250975751,3.440425227,NA,NA,NA,NA,NA,NA,NA,NA,NA,NA,NA,NA,NA,NA,NA,NA,NA,NA,NA,NA,NA
2019-08-14T15:07:00Z,8/14/19 11:07,Dead Creek,71.34137256,4963.956807,44.97836802,-73.12117529,-0.6008,8/14/19,11:07:01,24.616,103.2,8.58,144.1,94,7.85,-2.11,31.8,0.249695224,3.44997749,NA,NA,NA,NA,NA,NA,NA,NA,NA,NA,NA,NA,NA,NA,NA,NA,NA,NA,NA,NA,NA
2019-08-14T15:08:00Z,8/14/19 11:08,Dead Creek,70.97459897,5034.931406,44.97886759,-73.12061469,-0.6137,8/14/19,11:08:01,24.628,103.3,8.59,144.2,94,7.86,-2.03,31.74,0.249840425,3.43682656,NA,NA,NA,NA,NA,NA,NA,NA,NA,NA,NA,NA,NA,NA,NA,NA,NA,NA,NA,NA,NA
2019-08-14T15:09:00Z,8/14/19 11:09,Dead Creek,72.68694501,5107.618351,44.97939854,-73.12007655,-0.614,8/14/19,11:09:01,24.645,103.4,8.6,144.2,94,7.86,-2.02,31.7,0.24719746,3.448684681,NA,NA,NA,NA,NA,NA,NA,NA,NA,NA,NA,NA,NA,NA,NA,NA,NA,NA,NA,NA,NA
2019-08-14T15:10:00Z,8/14/19 11:10,Dead Creek,74.06707409,5181.685425,44.97989208,-73.11944546,-0.5975,8/14/19,11:10:01,24.63,104,8.65,144.2,94,7.87,-1.93,31.88,0.244415317,3.45472558,17.461,0.732,0.082,0.245,0.01,0.003,32.666,0.457572262,0.338,0.01045772,35.845,0.502102422,0.803,0.02484482,4.85,3.454,62.77739853,1791.369245,12.27820564,39.46817241,230.3202319
2019-08-14T15:52:00Z,8/14/19 11:52,Main,0,0,44.94549487,-73.14799822,-0.1683,8/14/19,11:52:02,24.015,97.7,8.22,137.9,90,7.8,-2.03,33.01,0.214591067,3.742892608,15.289,1.085,0.074,0.214,0.015,0.002,41.073,0.575334155,0.317,0.00980798,35.349,0.495154652,0.711,0.02199834,0.92,3.755,12.4941938,1766.571065,4.976846559,7.039054451,68.3767422
2019-08-14T15:53:00Z,8/14/19 11:53,Main,54.95839158,54.95839158,44.94576458,-73.14858191,-0.1964,8/14/19,11:53:02,24.11,98.7,8.29,138,90,7.82,-1.97,32.81,0.213053597,3.744055237,NA,NA,NA,NA,NA,NA,NA,NA,NA,NA,NA,NA,NA,NA,NA,NA,NA,NA,NA,NA,NA
2019-08-14T15:54:00Z,8/14/19 11:54,Main,45.68573731,100.6441289,44.94605749,-73.14898809,-0.2192,8/14/19,11:54:02,24.213,99.3,8.32,138.1,90,7.83,-1.96,21.2,0.213630175,3.754289051,NA,NA,NA,NA,NA,NA,NA,NA,NA,NA,NA,NA,NA,NA,NA,NA,NA,NA,NA,NA,NA
2019-08-14T15:55:00Z,8/14/19 11:55,Main,66.10209849,166.7462274,44.94636786,-73.14970261,-0.2736,8/14/19,11:55:02,24.203,98.9,8.29,138.4,90,7.83,-2.03,29.74,0.213138396,3.759060779,NA,NA,NA,NA,NA,NA,NA,NA,NA,NA,NA,NA,NA,NA,NA,NA,NA,NA,NA,NA,NA
2019-08-14T15:56:00Z,8/14/19 11:56,Main,81.28275276,248.0289801,44.94672701,-73.15059983,-0.3001,8/14/19,11:56:02,24.205,98.4,8.25,138.6,90,7.81,-2.07,32.01,0.215875296,3.735012908,NA,NA,NA,NA,NA,NA,NA,NA,NA,NA,NA,NA,NA,NA,NA,NA,NA,NA,NA,NA,NA
2019-08-14T15:57:00Z,8/14/19 11:57,Main,71.39285848,319.4218386,44.94704603,-73.15138503,-0.3085,8/14/19,11:57:02,24.23,99.6,8.35,139.1,90,7.86,-2.06,32.25,0.210373213,3.705956513,15.074,0.575,0.053,0.211,0.008,0.002,31.732,0.444489163,0.279,0.00863226,37.172,0.520690507,0.753,0.02329782,1.91,3.561,12.93279576,1738.113548,4.784490286,8.859352214,70.13629285
2019-08-14T15:58:00Z,8/14/19 11:58,Main,59.92857041,379.350409,44.94731493,-73.15204325,-0.3622,8/14/19,11:58:02,24.084,100.4,8.43,140.8,92,7.86,-2.04,31.76,0.207028748,3.692815607,NA,NA,NA,NA,NA,NA,NA,NA,NA,NA,NA,NA,NA,NA,NA,NA,NA,NA,NA,NA,NA
2019-08-14T15:59:00Z,8/14/19 11:59,Main,56.84732297,436.197732,44.9475212,-73.15270242,-0.2765,8/14/19,11:59:02,24.292,98.9,8.28,140.5,91,7.81,-2.07,32.01,0.206276364,3.676724334,NA,NA,NA,NA,NA,NA,NA,NA,NA,NA,NA,NA,NA,NA,NA,NA,NA,NA,NA,NA,NA
2019-08-14T16:00:00Z,8/14/19 12:00,Main,61.50315351,497.7008855,44.94780232,-73.15337371,-0.3212,8/14/19,12:00:02,24.272,102.5,8.59,141.7,92,7.89,-2.1,32.27,0.197186726,3.651314765,NA,NA,NA,NA,NA,NA,NA,NA,NA,NA,NA,NA,NA,NA,NA,NA,NA,NA,NA,NA,NA
2019-08-14T16:01:00Z,8/14/19 12:01,Main,62.54160571,560.2424912,44.94816741,-73.15397681,-0.4032,8/14/19,12:01:02,24.266,103.7,8.69,141.5,92,7.99,-2.04,32.03,0.193148051,3.66656644,NA,NA,NA,NA,NA,NA,NA,NA,NA,NA,NA,NA,NA,NA,NA,NA,NA,NA,NA,NA,NA
2019-08-14T16:02:00Z,8/14/19 12:02,Main,48.20672598,608.4492172,44.9484012,-73.15449135,-0.4601,8/14/19,12:02:02,24.111,101.9,8.56,141.4,92,7.99,-2.04,31.89,0.192525144,3.689956232,NA,NA,NA,NA,NA,NA,NA,NA,NA,NA,NA,NA,NA,NA,NA,NA,NA,NA,NA,NA,NA
2019-08-14T16:03:00Z,8/14/19 12:03,Main,26.8940244,635.3432416,44.94849743,-73.15480404,-0.4463,8/14/19,12:03:02,24.078,101.2,8.5,141.6,92,7.94,-2.08,31.89,0.20390182,3.645098327,NA,NA,NA,NA,NA,NA,NA,NA,NA,NA,NA,NA,NA,NA,NA,NA,NA,NA,NA,NA,NA
2019-08-14T16:04:00Z,8/14/19 12:04,Main,43.24257839,678.58582,44.94873097,-73.15524232,-0.5523,8/14/19,12:04:02,23.885,98.1,8.27,142.5,93,7.83,-2.05,31.94,0.203359898,3.647442525,NA,NA,NA,NA,NA,NA,NA,NA,NA,NA,NA,NA,NA,NA,NA,NA,NA,NA,NA,NA,NA
2019-08-14T16:05:00Z,8/14/19 12:05,Main,75.55735061,754.1431706,44.94912405,-73.15602351,-0.5516,8/14/19,12:05:02,23.823,96.1,8.12,142.9,93,7.79,-2.05,31.99,0.203797956,3.649242973,14.943,0.908,0.104,0.209,0.013,0.003,31.608,0.442752221,0.256,0.00792064,32.556,0.456031426,0.691,0.02137954,1.88,3.395,13.00569589,1746.281138,5.316704542,13.97676931,87.99113699
2019-08-14T16:06:00Z,8/14/19 12:06,Main,69.61629035,823.759461,44.94948682,-73.15674269,-0.5738,8/14/19,12:06:02,23.657,95.9,8.12,143.3,93,7.77,-2.1,34.37,0.203349698,3.622876308,NA,NA,NA,NA,NA,NA,NA,NA,NA,NA,NA,NA,NA,NA,NA,NA,NA,NA,NA,NA,NA
2019-08-14T16:07:00Z,8/14/19 12:07,Main,77.12090676,900.8803677,44.9499265,-73.15749878,-0.6178,8/14/19,12:07:02,23.723,95.8,8.1,143.4,93,7.76,-2.08,31.41,0.208315013,3.600147222,NA,NA,NA,NA,NA,NA,NA,NA,NA,NA,NA,NA,NA,NA,NA,NA,NA,NA,NA,NA,NA
2019-08-14T16:08:00Z,8/14/19 12:08,Main,71.15217901,972.0325467,44.95025967,-73.15826871,-0.614,8/14/19,12:08:02,23.948,95.7,8.06,143.6,93,7.76,-2.02,31.41,0.209871711,3.608632183,NA,NA,NA,NA,NA,NA,NA,NA,NA,NA,NA,NA,NA,NA,NA,NA,NA,NA,NA,NA,NA
2019-08-14T16:09:00Z,8/14/19 12:09,Main,65.31835932,1037.350906,44.95063176,-73.15890944,-0.7707,8/14/19,12:09:02,24.036,94.8,7.97,143.4,93,7.73,-2.1,31.33,0.210396658,3.618995025,NA,NA,NA,NA,NA,NA,NA,NA,NA,NA,NA,NA,NA,NA,NA,NA,NA,NA,NA,NA,NA
2019-08-14T16:10:00Z,8/14/19 12:10,Main,60.26636437,1097.61727,44.95089168,-73.1595797,-0.7866,8/14/19,12:10:02,23.826,96.6,8.15,143.6,93,7.77,-2.04,32.04,0.207845558,3.605701698,15.443,1.418,0.061,0.216,0.02,0.002,39.037,0.546814681,0.44,0.0136136,33.16,0.464492016,0.664,0.02054416,0.93,4.054,11.73030934,1641.172166,4.991450313,13.91682895,96.12900295
2019-08-14T16:11:00Z,8/14/19 12:11,Main,45.94591266,1143.563183,44.95106086,-73.16011095,-0.8293,8/14/19,12:11:02,23.81,96.9,8.19,143.7,93,7.78,-2.01,32.14,0.211928355,3.580185809,NA,NA,NA,NA,NA,NA,NA,NA,NA,NA,NA,NA,NA,NA,NA,NA,NA,NA,NA,NA,NA
2019-08-14T16:12:00Z,8/14/19 12:12,Main,49.17626987,1192.739453,44.95127013,-73.16066003,-0.8957,8/14/19,12:12:02,23.812,97.4,8.22,143.5,93,7.78,-1.97,32.16,0.209846213,3.593905682,NA,NA,NA,NA,NA,NA,NA,NA,NA,NA,NA,NA,NA,NA,NA,NA,NA,NA,NA,NA,NA
2019-08-14T16:13:00Z,8/14/19 12:13,Main,58.67709825,1251.416551,44.9516572,-73.16116575,-0.9603,8/14/19,12:13:02,23.911,100.4,8.46,142.6,93,7.82,-1.84,32.71,0.208592321,3.610240671,NA,NA,NA,NA,NA,NA,NA,NA,NA,NA,NA,NA,NA,NA,NA,NA,NA,NA,NA,NA,NA
2019-08-14T16:14:00Z,8/14/19 12:14,Main,27.90294465,1279.319496,44.95184584,-73.16139911,-0.9727,8/14/19,12:14:02,24.172,103.2,8.65,143.4,93,7.86,-2.12,32.02,0.139258943,3.580022381,NA,NA,NA,NA,NA,NA,NA,NA,NA,NA,NA,NA,NA,NA,NA,NA,NA,NA,NA,NA,NA
2019-08-14T16:15:00Z,8/14/19 12:15,Main,87.51014979,1366.829646,44.95240216,-73.16218394,-1.0503,8/14/19,12:15:02,23.998,92.8,7.81,145.6,95,7.66,-2.12,30.51,0.201917037,3.541221529,NA,NA,NA,NA,NA,NA,NA,NA,NA,NA,NA,NA,NA,NA,NA,NA,NA,NA,NA,NA,NA
2019-08-14T16:16:00Z,8/14/19 12:16,Main,81.64999408,1448.47964,44.95302764,-73.1627268,-1.0786,8/14/19,12:16:02,24.012,92.3,7.77,146.2,95,7.65,-2.15,30.46,0.210955796,3.554392959,NA,NA,NA,NA,NA,NA,NA,NA,NA,NA,NA,NA,NA,NA,NA,NA,NA,NA,NA,NA,NA
2019-08-14T16:17:00Z,8/14/19 12:17,Main,82.36698222,1530.846622,44.9536853,-73.16320815,-1.1626,8/14/19,12:17:02,24.17,92,7.72,145.9,95,7.65,-2.07,30.1,0.207828232,3.516562204,14.98,0.848,0.085,0.21,0.012,0.003,32.783,0.459211151,0.308,0.00952952,33.504,0.46931063,0.755,0.0233597,1.89,3.611,11.0639285,1588.493256,5.051011498,23.43512129,120.993972
2019-08-14T16:18:00Z,8/14/19 12:18,Main,75.50761593,1606.354238,44.95428588,-73.16365563,-1.2475,8/14/19,12:18:02,24.087,90.9,7.64,145.9,95,7.63,-2.13,32.48,0.213045846,3.528913318,NA,NA,NA,NA,NA,NA,NA,NA,NA,NA,NA,NA,NA,NA,NA,NA,NA,NA,NA,NA,NA
2019-08-14T16:19:00Z,8/14/19 12:19,Main,84.33761609,1690.691854,44.95496862,-73.16412228,-1.2689,8/14/19,12:19:02,24.11,90.5,7.6,146.4,95,7.62,-1.96,29.92,0.217968268,3.498543632,NA,NA,NA,NA,NA,NA,NA,NA,NA,NA,NA,NA,NA,NA,NA,NA,NA,NA,NA,NA,NA
2019-08-14T16:20:00Z,8/14/19 12:20,Main,84.67439824,1775.366252,44.95565529,-73.16458732,-1.3518,8/14/19,12:20:02,24.136,90.6,7.6,146.6,95,7.62,-2.08,28.32,0.218578254,3.516120613,NA,NA,NA,NA,NA,NA,NA,NA,NA,NA,NA,NA,NA,NA,NA,NA,NA,NA,NA,NA,NA
2019-08-14T16:21:00Z,8/14/19 12:21,Main,94.70327003,1870.069522,44.95645737,-73.16499276,-1.4315,8/14/19,12:21:02,24.216,91.1,7.64,146.8,95,7.62,-1.95,31.95,0.21554191,3.501365608,NA,NA,NA,NA,NA,NA,NA,NA,NA,NA,NA,NA,NA,NA,NA,NA,NA,NA,NA,NA,NA
2019-08-14T16:22:00Z,8/14/19 12:22,Main,97.83735901,1967.906881,44.95731283,-73.16528569,-1.5001,8/14/19,12:22:02,24.243,97.1,8.13,146.9,95,7.71,-2.07,24.96,0.211834495,3.490971534,15.694,0.963,0.071,0.22,0.013,0.002,32.458,0.454658681,0.27,0.0083538,33.435,0.468344106,0.671,0.02076074,1.96,3.562,12.75851809,1600.139502,5.247507192,12.94770088,101.4122026
2019-08-14T16:23:00Z,8/14/19 12:23,Main,80.84994933,2048.756831,44.95801211,-73.16556838,-1.5686,8/14/19,12:23:02,24.263,94.6,7.93,147.2,96,7.7,-2.07,30.14,0.22053926,3.482918458,NA,NA,NA,NA,NA,NA,NA,NA,NA,NA,NA,NA,NA,NA,NA,NA,NA,NA,NA,NA,NA
2019-08-14T16:39:00Z,8/14/19 12:39,Main,35.67105388,2084.427884,44.95829379,-73.16578515,-3.1289,8/14/19,12:39:02,24.343,95.4,7.97,147.2,96,7.73,-2.1,30,0.219533706,3.463666113,NA,NA,NA,NA,NA,NA,NA,NA,NA,NA,NA,NA,NA,NA,NA,NA,NA,NA,NA,NA,NA
2019-08-14T16:40:00Z,8/14/19 12:40,Main,69.60411655,2154.032001,44.95891468,-73.16590112,-3.2448,8/14/19,12:40:02,24.444,98.8,8.25,147.2,96,7.79,-2.13,29.87,0.214294553,3.449868002,NA,NA,NA,NA,NA,NA,NA,NA,NA,NA,NA,NA,NA,NA,NA,NA,NA,NA,NA,NA,NA
2019-08-14T16:41:00Z,8/14/19 12:41,Main,67.24915273,2221.281154,44.9595185,-73.16595726,-3.3615,8/14/19,12:41:02,24.671,107.7,8.95,147,96,8.09,-2.13,30.19,0.209428549,3.451106885,NA,NA,NA,NA,NA,NA,NA,NA,NA,NA,NA,NA,NA,NA,NA,NA,NA,NA,NA,NA,NA
2019-08-14T16:42:00Z,8/14/19 12:42,Main,64.53529713,2285.816451,44.96008954,-73.16610592,-3.4756,8/14/19,12:42:02,24.638,104.8,8.72,147.2,96,8,-2.09,29.92,0.211721874,3.444801538,NA,NA,NA,NA,NA,NA,NA,NA,NA,NA,NA,NA,NA,NA,NA,NA,NA,NA,NA,NA,NA
2019-08-14T16:43:00Z,8/14/19 12:43,Main,69.03894986,2354.855401,44.96070973,-73.16605516,-3.6012,8/14/19,12:43:02,24.555,101.7,8.47,147.3,96,7.89,-2.08,29.78,0.213208224,3.452306313,NA,NA,NA,NA,NA,NA,NA,NA,NA,NA,NA,NA,NA,NA,NA,NA,NA,NA,NA,NA,NA
2019-08-14T16:44:00Z,8/14/19 12:44,Main,61.88349871,2416.738899,44.961265,-73.16599601,-3.04,8/14/19,12:44:02,24.562,101.1,8.42,147.4,96,7.87,-2,29.83,0.217264553,3.435858347,NA,NA,NA,NA,NA,NA,NA,NA,NA,NA,NA,NA,NA,NA,NA,NA,NA,NA,NA,NA,NA
2019-08-14T16:45:00Z,8/14/19 12:45,Main,21.31469557,2438.053595,44.96145589,-73.16602216,-3.1379,8/14/19,12:45:02,24.556,100.6,8.38,147.5,96,7.84,-2.16,24.85,0.21659955,3.436144965,NA,NA,NA,NA,NA,NA,NA,NA,NA,NA,NA,NA,NA,NA,NA,NA,NA,NA,NA,NA,NA
2019-08-14T16:46:00Z,8/14/19 12:46,Main,97.21235754,2535.265953,44.96232456,-73.16587705,-3.1505,8/14/19,12:46:02,24.687,102.5,8.52,148.9,97,7.87,-2.13,28.93,0.203758004,3.422998067,13.945,1.232,0.082,0.195,0.017,0.003,31.065,0.435146094,0.274,0.00847756,32.556,0.456031426,0.7,0.021658,0.92,3.329,13.64371192,1496.136594,3.889669168,18.43701797,124.4600467
2019-08-14T16:47:00Z,8/14/19 12:47,Main,90.13875127,2625.404704,44.96312915,-73.16573257,-3.1539,8/14/19,12:47:02,24.549,101,8.41,148.4,96,7.84,-2.1,28.94,0.21249726,3.409391636,NA,NA,NA,NA,NA,NA,NA,NA,NA,NA,NA,NA,NA,NA,NA,NA,NA,NA,NA,NA,NA
2019-08-14T16:48:00Z,8/14/19 12:48,Main,82.31541071,2707.720115,44.963865,-73.16561332,-3.1765,8/14/19,12:48:02,24.515,99.6,8.31,148,96,7.81,-2.04,30.09,0.215895785,3.431372745,NA,NA,NA,NA,NA,NA,NA,NA,NA,NA,NA,NA,NA,NA,NA,NA,NA,NA,NA,NA,NA
2019-08-14T16:49:00Z,8/14/19 12:49,Main,84.2889489,2792.009063,44.96461473,-73.16545163,-3.1948,8/14/19,12:49:02,24.532,99.9,8.32,148.5,97,7.79,-2.13,28.92,0.211844509,3.40638394,NA,NA,NA,NA,NA,NA,NA,NA,NA,NA,NA,NA,NA,NA,NA,NA,NA,NA,NA,NA,NA
2019-08-14T16:50:00Z,8/14/19 12:50,Main,84.09192005,2876.100983,44.96535836,-73.16525444,-3.2295,8/14/19,12:50:02,24.934,106.5,8.81,148.7,97,7.94,-2.13,29.21,0.203857104,3.410489776,NA,NA,NA,NA,NA,NA,NA,NA,NA,NA,NA,NA,NA,NA,NA,NA,NA,NA,NA,NA,NA
2019-08-14T16:51:00Z,8/14/19 12:51,Main,75.29966946,2951.400653,44.96602693,-73.16509934,-3.2166,8/14/19,12:51:02,24.577,101.8,8.47,149.2,97,7.85,-2.16,28.93,0.203246355,3.399664888,14.808,1.024,0.119,0.207,0.014,0.004,29.731,0.416459956,0.3,0.009282,33.066,0.463175302,0.789,0.02441166,1.88,3.376,14.98896563,1487.722374,5.058551724,11.74799846,98.64634497
2019-08-14T16:52:00Z,8/14/19 12:52,Main,74.0864611,3025.487114,44.9666935,-73.16511486,-3.2511,8/14/19,12:52:02,24.514,98.9,8.24,150,97,7.78,-2.11,28.51,0.207012093,3.364689168,NA,NA,NA,NA,NA,NA,NA,NA,NA,NA,NA,NA,NA,NA,NA,NA,NA,NA,NA,NA,NA
2019-08-14T16:53:00Z,8/14/19 12:53,Main,67.77225135,3093.259365,44.9672976,-73.16523239,-3.4007,8/14/19,12:53:02,24.48,97.1,8.1,150.9,98,7.74,-2.16,28.31,0.20914983,3.309333641,NA,NA,NA,NA,NA,NA,NA,NA,NA,NA,NA,NA,NA,NA,NA,NA,NA,NA,NA,NA,NA
2019-08-14T16:54:00Z,8/14/19 12:54,Main,70.49663258,3163.755998,44.96792525,-73.16536199,-3.3787,8/14/19,12:54:02,24.391,94.4,7.89,151.5,98,7.68,-2.11,27.9,0.205359222,3.319061401,NA,NA,NA,NA,NA,NA,NA,NA,NA,NA,NA,NA,NA,NA,NA,NA,NA,NA,NA,NA,NA
2019-08-14T16:55:00Z,8/14/19 12:55,Main,64.90825954,3228.664258,44.96850305,-73.16548218,-3.4125,8/14/19,12:55:02,24.748,94.2,7.82,154,100,7.67,-2.06,23.78,0.21308302,3.216146913,NA,NA,NA,NA,NA,NA,NA,NA,NA,NA,NA,NA,NA,NA,NA,NA,NA,NA,NA,NA,NA
2019-08-14T16:56:00Z,8/14/19 12:56,Main,76.14821618,3304.812474,44.96913361,-73.16585995,-3.3519,8/14/19,12:56:02,24.808,94.7,7.85,154.5,100,7.69,-1.99,25.83,0.21610604,3.196172616,15.413,0.925,0.116,0.216,0.013,0.004,30.624,0.428968742,0.29,0.0089726,34.188,0.478891829,0.793,0.02453542,1.91,3.101,11.71677151,1408.660368,4.773416645,12.49547254,100.874449
2019-08-14T16:57:00Z,8/14/19 12:57,Main,71.18547235,3375.997946,44.96969492,-73.16629468,-3.3752,8/14/19,12:57:02,25.028,95.5,7.88,155.5,101,7.69,-2.02,25.41,0.215638308,3.171618829,NA,NA,NA,NA,NA,NA,NA,NA,NA,NA,NA,NA,NA,NA,NA,NA,NA,NA,NA,NA,NA
2019-08-14T16:58:00Z,8/14/19 12:58,Main,73.06216641,3449.060112,44.97024623,-73.16679924,-3.359,8/14/19,12:58:02,25.156,95.4,7.86,155.8,101,7.69,-2.1,25.26,0.216541829,3.166096616,NA,NA,NA,NA,NA,NA,NA,NA,NA,NA,NA,NA,NA,NA,NA,NA,NA,NA,NA,NA,NA
2019-08-14T16:59:00Z,8/14/19 12:59,Main,66.60687477,3515.666987,44.97077865,-73.16718698,-3.3843,8/14/19,12:59:02,25.314,96,7.89,156,101,7.68,-2.08,25.2,0.215654237,3.176949229,NA,NA,NA,NA,NA,NA,NA,NA,NA,NA,NA,NA,NA,NA,NA,NA,NA,NA,NA,NA,NA
2019-08-14T17:00:00Z,8/14/19 13:00,Main,71.86506251,3587.53205,44.97135371,-73.16760367,-3.4352,8/14/19,13:00:01,25.48,97.3,7.97,157.1,102,7.67,-2.07,24.74,0.211935114,3.156228922,NA,NA,NA,NA,NA,NA,NA,NA,NA,NA,NA,NA,NA,NA,NA,NA,NA,NA,NA,NA,NA
2019-08-14T17:01:00Z,8/14/19 13:01,Main,64.11772036,3651.64977,44.97192927,-73.16754726,-3.358,8/14/19,13:01:01,25.503,99.9,8.18,157.4,102,7.71,-2.03,25.02,0.215569238,3.1068466,15.26,1.075,0.069,0.214,0.015,0.002,29.428,0.412215653,0.279,0.00863226,31.775,0.44509149,0.693,0.02144142,1.83,3.055,12.21632449,1394.151254,3.962149574,16.23951459,137.4660324
2019-08-14T17:02:00Z,8/14/19 13:02,Main,70.99663391,3722.646404,44.97243999,-73.16700658,-3.3417,8/14/19,13:02:01,25.76,100.7,8.21,158.5,103,7.71,-1.94,24.2,0.215090626,3.086485418,NA,NA,NA,NA,NA,NA,NA,NA,NA,NA,NA,NA,NA,NA,NA,NA,NA,NA,NA,NA,NA
2019-08-14T17:03:00Z,8/14/19 13:03,Main,67.29434468,3789.940749,44.97279008,-73.16631053,-3.3302,8/14/19,13:03:01,25.502,100,8.19,158.2,103,7.76,-2.1,24.76,0.218326701,3.071816415,NA,NA,NA,NA,NA,NA,NA,NA,NA,NA,NA,NA,NA,NA,NA,NA,NA,NA,NA,NA,NA
2019-08-14T17:04:00Z,8/14/19 13:04,Main,68.96588374,3858.906632,44.97313509,-73.16558382,-3.3055,8/14/19,13:04:01,26.162,103.3,8.35,159.5,104,7.82,-2.05,23.39,0.218279374,3.068593186,NA,NA,NA,NA,NA,NA,NA,NA,NA,NA,NA,NA,NA,NA,NA,NA,NA,NA,NA,NA,NA
2019-08-14T17:05:00Z,8/14/19 13:05,Main,72.79407177,3931.700704,44.9735185,-73.16483561,-3.3535,8/14/19,13:05:01,25.797,100,8.14,159.1,103,7.78,-2.11,23.99,0.221803438,3.058837467,15.497,0.816,0.082,0.217,0.011,0.003,28.32,0.396695232,0.254,0.00785876,30.367,0.425368789,0.674,0.02085356,0.96,3.032,12.74617898,1397.561863,3.947323068,12.09485325,125.9705863
2019-08-14T17:06:00Z,8/14/19 13:06,Main,74.22830473,4005.929009,44.97392289,-73.16408668,-3.8023,8/14/19,13:06:01,25.522,97.9,8.01,158.7,103,7.71,-2.04,24.58,0.221560267,3.062451862,NA,NA,NA,NA,NA,NA,NA,NA,NA,NA,NA,NA,NA,NA,NA,NA,NA,NA,NA,NA,NA
2019-08-14T17:07:00Z,8/14/19 13:07,Main,73.01353368,4078.942543,44.97428825,-73.1633174,-3.8424,8/14/19,13:07:01,25.453,97.5,7.99,158.6,103,7.7,-2.13,24.69,0.220559548,3.066965584,NA,NA,NA,NA,NA,NA,NA,NA,NA,NA,NA,NA,NA,NA,NA,NA,NA,NA,NA,NA,NA
2019-08-14T17:08:00Z,8/14/19 13:08,Main,76.45436509,4155.396908,44.97465589,-73.16249817,-3.9216,8/14/19,13:08:01,25.473,97.1,7.95,158.7,103,7.69,-2.06,24.72,0.220456843,3.064910319,NA,NA,NA,NA,NA,NA,NA,NA,NA,NA,NA,NA,NA,NA,NA,NA,NA,NA,NA,NA,NA
2019-08-14T17:09:00Z,8/14/19 13:09,Main,75.95774992,4231.354658,44.97505281,-73.16171424,-3.9529,8/14/19,13:09:01,25.596,98.1,8.01,159.3,104,7.7,-2.17,24.35,0.220776451,3.022310334,15.705,0.883,0.094,0.22,0.012,0.003,29.499,0.413210192,0.349,0.01079806,31.633,0.443102411,0.722,0.02233868,1.81,2.949,12.62129994,1383.761782,4.265403543,10.06746413,122.7459487
2019-08-14T17:10:00Z,8/14/19 13:10,Main,71.98699294,4303.341651,44.97543449,-73.16097688,-4.0215,8/14/19,13:10:01,25.614,102.4,8.37,159.6,104,7.75,-2.09,24.67,0.212679309,3.034895564,NA,NA,NA,NA,NA,NA,NA,NA,NA,NA,NA,NA,NA,NA,NA,NA,NA,NA,NA,NA,NA
2019-08-14T17:11:00Z,8/14/19 13:11,Main,66.85785614,4370.199507,44.97580222,-73.16030607,-4.0755,8/14/19,13:11:01,25.668,105.1,8.58,160.1,104,7.8,-2.1,24.53,0.209283828,3.038876109,NA,NA,NA,NA,NA,NA,NA,NA,NA,NA,NA,NA,NA,NA,NA,NA,NA,NA,NA,NA,NA
2019-08-14T17:12:00Z,8/14/19 13:12,Main,68.32644321,4438.52595,44.97619905,-73.15964444,-4.1512,8/14/19,13:12:01,25.722,107.4,8.75,160.3,104,7.84,-2.02,24.44,0.209980523,3.028586826,NA,NA,NA,NA,NA,NA,NA,NA,NA,NA,NA,NA,NA,NA,NA,NA,NA,NA,NA,NA,NA
2019-08-14T17:13:00Z,8/14/19 13:13,Main,70.40876366,4508.934714,44.97660994,-73.15896501,-4.204,8/14/19,13:13:01,25.726,105,8.56,161.8,105,7.8,-2.1,23.95,0.205731994,3.000339991,14.925,0.931,0.082,0.209,0.013,0.003,28.44,0.398376144,0.325,0.0100555,31.283,0.438199751,0.765,0.0236691,0.98,3.057,14.66391218,1365.089573,4.96167245,10.75612126,122.4079402
2019-08-14T17:14:00Z,8/14/19 13:14,Main,71.52675396,4580.461468,44.97705543,-73.15831053,-4.2918,8/14/19,13:14:01,25.727,100.4,8.18,163.5,106,7.73,-2.03,23.12,0.208382044,2.955881199,NA,NA,NA,NA,NA,NA,NA,NA,NA,NA,NA,NA,NA,NA,NA,NA,NA,NA,NA,NA,NA
2019-08-14T17:15:00Z,8/14/19 13:15,Main,68.27723389,4648.738701,44.97747483,-73.15767797,-4.3385,8/14/19,13:15:01,25.568,98.7,8.07,164.2,107,7.69,-2.07,23.28,0.208445979,2.950059676,NA,NA,NA,NA,NA,NA,NA,NA,NA,NA,NA,NA,NA,NA,NA,NA,NA,NA,NA,NA,NA
2019-08-14T17:16:00Z,8/14/19 13:16,Main,69.91958691,4718.658288,44.97792469,-73.15705826,-4.4184,8/14/19,13:16:01,25.365,98,8.04,164,107,7.67,-1.99,23.41,0.208888383,2.954031196,NA,NA,NA,NA,NA,NA,NA,NA,NA,NA,NA,NA,NA,NA,NA,NA,NA,NA,NA,NA,NA
2019-08-14T17:17:00Z,8/14/19 13:17,Main,73.49903319,4792.157322,44.97845429,-73.15650012,-4.4787,8/14/19,13:17:01,25.296,97.3,8,164.3,107,7.65,-2,23.6,0.210272319,2.943028225,15.246,1.072,0.068,0.214,0.015,0.002,29.305,0.410492718,0.333,0.01030302,31.413,0.440020739,0.739,0.02286466,0,2.917,11.65845569,1323.917173,3.787056811,12.19153951,133.6018437
2019-08-14T17:18:00Z,8/14/19 13:18,Main,77.17488038,4869.332202,44.9790396,-73.15597356,-4.5548,8/14/19,13:18:01,25.291,94.4,7.76,165.6,108,7.61,-2.02,23.11,0.213699812,2.92013426,NA,NA,NA,NA,NA,NA,NA,NA,NA,NA,NA,NA,NA,NA,NA,NA,NA,NA,NA,NA,NA
2019-08-14T17:19:00Z,8/14/19 13:19,Main,63.33000493,4932.662207,44.97949874,-73.15549797,-4.6007,8/14/19,13:19:01,25.271,94.3,7.75,165.8,108,7.61,-2.05,23.06,0.215430322,2.90321738,NA,NA,NA,NA,NA,NA,NA,NA,NA,NA,NA,NA,NA,NA,NA,NA,NA,NA,NA,NA,NA
2019-08-14T17:20:00Z,8/14/19 13:20,Main,60.09329684,4992.755504,44.97993025,-73.15503881,-4.6823,8/14/19,13:20:01,25.356,95.3,7.82,166.1,108,7.61,-2.02,22.81,0.216401693,2.895360978,NA,NA,NA,NA,NA,NA,NA,NA,NA,NA,NA,NA,NA,NA,NA,NA,NA,NA,NA,NA,NA
2019-08-14T17:21:00Z,8/14/19 13:21,Main,71.7758628,5064.531366,44.9804923,-73.1545905,-4.745,8/14/19,13:21:01,25.411,96.2,7.89,166.7,108,7.63,-1.84,22.48,0.218291553,2.874580449,15.654,1.162,0.079,0.219,0.016,0.002,29.76,0.416866176,0.329,0.01017926,32.932,0.461298283,0.777,0.02404038,0.94,2.838,11.30688207,1279.119249,4.207525155,11.32061138,125.1045319
2019-08-14T17:22:00Z,8/14/19 13:22,Main,75.78313556,5140.314502,44.98108233,-73.1541088,-4.8104,8/14/19,13:22:01,25.64,95,7.76,167.7,109,7.63,-1.81,21.89,0.219900983,2.85368444,NA,NA,NA,NA,NA,NA,NA,NA,NA,NA,NA,NA,NA,NA,NA,NA,NA,NA,NA,NA,NA
2019-08-14T17:23:00Z,8/14/19 13:23,Main,76.7744179,5217.08892,44.98166224,-73.15357977,-4.8863,8/14/19,13:23:01,25.796,94.5,7.69,167.9,109,7.62,-2,22.77,0.216876513,2.879660695,NA,NA,NA,NA,NA,NA,NA,NA,NA,NA,NA,NA,NA,NA,NA,NA,NA,NA,NA,NA,NA
2019-08-14T17:24:00Z,8/14/19 13:24,Main,78.41855756,5295.507477,44.98226242,-73.1530569,-4.9452,8/14/19,13:24:01,25.33,95.6,7.85,167.7,109,7.64,-1.88,22.45,0.218295346,2.856066721,NA,NA,NA,NA,NA,NA,NA,NA,NA,NA,NA,NA,NA,NA,NA,NA,NA,NA,NA,NA,NA
2019-08-14T17:25:00Z,8/14/19 13:25,Main,67.14383535,5362.651313,44.9827627,-73.15257958,-5.0046,8/14/19,13:25:01,25.251,97.4,8.01,167.8,109,7.68,-1.9,22.56,0.218018078,2.851719336,NA,NA,NA,NA,NA,NA,NA,NA,NA,NA,NA,NA,NA,NA,NA,NA,NA,NA,NA,NA,NA
2019-08-14T17:26:00Z,8/14/19 13:26,Main,70.70312948,5433.354442,44.98330926,-73.15212075,-5.0692,8/14/19,13:26:01,25.297,95.5,7.85,168,109,7.65,-1.9,22.43,0.220275311,2.855740156,15.913,1.274,0.134,0.223,0.018,0.004,30.165,0.422539254,0.337,0.01042678,32.523,0.455569175,0.685,0.0211939,1.96,2.903,12.57143853,1218.986326,4.897127208,18.55123163,95.40666597
2019-08-14T17:26:00Z,8/14/19 13:26,Main,70.70312948,5433.354442,44.98330926,-73.15212075,-5.0692,8/14/19,13:26:01,25.297,95.5,7.85,168,109,7.65,-1.9,22.43,0.220275311,2.855740156,15.913,1.274,0.134,0.223,0.018,0.004,30.165,0.422539254,0.337,0.01042678,32.523,0.455569175,0.685,0.0211939,1.96,2.903,11.242061,1229.724028,4.176935746,11.17144959,99.26247807
2019-08-14T17:27:00Z,8/14/19 13:27,Main,66.83463071,5500.189073,44.98383334,-73.15170508,-5.1274,8/14/19,13:27:01,25.13,96.6,7.96,168,109,7.65,-1.75,23.11,0.217939547,2.871334877,NA,NA,NA,NA,NA,NA,NA,NA,NA,NA,NA,NA,NA,NA,NA,NA,NA,NA,NA,NA,NA
2019-08-14T17:28:00Z,8/14/19 13:28,Main,65.05165008,5565.240723,44.984368,-73.1513693,-5.2044,8/14/19,13:28:01,25.029,96,7.92,168.3,109,7.65,-1.79,23.08,0.219830481,2.842013369,NA,NA,NA,NA,NA,NA,NA,NA,NA,NA,NA,NA,NA,NA,NA,NA,NA,NA,NA,NA,NA
2019-08-14T17:29:00Z,8/14/19 13:29,Main,67.76614913,5633.006872,44.98493215,-73.15104319,-5.2767,8/14/19,13:29:01,24.968,97,8.01,168.2,109,7.65,-1.78,23.24,0.218462832,2.866877089,NA,NA,NA,NA,NA,NA,NA,NA,NA,NA,NA,NA,NA,NA,NA,NA,NA,NA,NA,NA,NA
2019-08-14T17:30:00Z,8/14/19 13:30,Main,65.48914493,5698.496017,44.98548829,-73.15076858,-5.4341,8/14/19,13:30:01,25.058,95.8,7.9,168.8,110,7.65,-1.84,22.93,0.222605684,2.843674425,NA,NA,NA,NA,NA,NA,31.139,0.436182656,0.46,0.0142324,34.26,0.479900376,0.854,0.02642276,4.66,2.822,NA,NA,NA,NA,NA
2019-08-14T17:31:00Z,8/14/19 13:31,Main,66.50633379,5765.002351,44.98608112,-73.15065325,-5.4934,8/14/19,13:31:01,24.993,95.2,7.87,168.6,110,7.65,-1.81,23.15,0.22127174,2.847132477,NA,NA,NA,NA,NA,NA,NA,NA,NA,NA,NA,NA,NA,NA,NA,NA,NA,NA,NA,NA,NA
2019-08-14T17:32:00Z,8/14/19 13:32,Main,71.95031742,5836.952668,44.98671974,-73.15050326,-5.5034,8/14/19,13:32:01,24.886,94.7,7.84,168.5,110,7.64,-1.63,23.05,0.223269836,2.829105484,NA,NA,NA,NA,NA,NA,NA,NA,NA,NA,NA,NA,NA,NA,NA,NA,NA,NA,NA,NA,NA
2019-08-14T17:33:00Z,8/14/19 13:33,Main,70.66248281,5907.615151,44.98735522,-73.15047288,-5.4519,8/14/19,13:33:01,24.952,95.8,7.92,168.8,110,7.66,-1.77,23.2,0.226774413,2.840624929,NA,NA,NA,NA,NA,NA,NA,NA,NA,NA,NA,NA,NA,NA,NA,NA,NA,NA,NA,NA,NA
2019-08-14T17:34:00Z,8/14/19 13:34,Main,72.23663593,5979.851787,44.98800444,-73.15042784,-5.4741,8/14/19,13:34:01,25.007,96.4,7.96,168.9,110,7.67,-1.81,22.94,0.228143023,2.84021329,NA,NA,NA,NA,NA,NA,NA,NA,NA,NA,NA,NA,NA,NA,NA,NA,NA,NA,NA,NA,NA
2019-08-14T17:35:00Z,8/14/19 13:35,Main,72.16805694,6052.019844,44.98864932,-73.1503201,-5.496,8/14/19,13:35:01,24.952,96.1,7.94,168.9,110,7.67,-1.87,23.07,0.228699998,2.844518916,16.022,1.229,0.069,0.224,0.017,0.002,29.756,0.416810146,0.349,0.01079806,33.301,0.466467088,0.782,0.02419508,2.91,2.935,12.89592772,1225.509584,4.372426154,6.69088865,87.65889855
2019-08-14T17:36:00Z,8/14/19 13:36,Main,71.66186919,6123.681713,44.98929362,-73.15035735,-5.4979,8/14/19,13:36:01,24.983,96.1,7.94,168.9,110,7.66,-1.85,22.94,0.222487738,2.857068092,NA,NA,NA,NA,NA,NA,NA,NA,NA,NA,NA,NA,NA,NA,NA,NA,NA,NA,NA,NA,NA
2019-08-14T17:37:00Z,8/14/19 13:37,Main,70.44779056,6194.129504,44.98992668,-73.15040355,-5.5159,8/14/19,13:37:01,25.116,96.6,7.96,168.9,110,7.66,-1.87,22.7,0.223164225,2.847681565,NA,NA,NA,NA,NA,NA,NA,NA,NA,NA,NA,NA,NA,NA,NA,NA,NA,NA,NA,NA,NA
2019-08-14T17:38:00Z,8/14/19 13:38,Main,70.77658281,6264.906087,44.99056237,-73.1504582,-5.5306,8/14/19,13:38:01,25.326,98.1,8.06,169.1,110,7.68,-1.82,22.52,0.222031874,2.865790894,NA,NA,NA,NA,NA,NA,NA,NA,NA,NA,NA,NA,NA,NA,NA,NA,NA,NA,NA,NA,NA
2019-08-14T17:39:00Z,8/14/19 13:39,Main,72.30811155,6337.214198,44.9912092,-73.15035896,-5.5403,8/14/19,13:39:01,25.718,100.7,8.21,169.6,110,7.73,-1.76,21.96,0.222520726,2.863930885,15.84,0.902,0.077,0.222,0.013,0.002,29.975,0.41987781,0.328,0.01014832,34.246,0.47970427,0.828,0.02561832,3.82,2.8,13.53552557,1214.824178,4.61690782,8.148036356,87.01139121
2019-08-14T17:40:00Z,8/14/19 13:40,Main,69.53615462,6406.750353,44.9918221,-73.1501814,-5.5225,8/14/19,13:40:01,25.767,100.7,8.2,169.6,110,7.73,-1.8,21.8,0.224011232,2.861782465,NA,NA,NA,NA,NA,NA,NA,NA,NA,NA,NA,NA,NA,NA,NA,NA,NA,NA,NA,NA,NA
2019-08-14T17:41:00Z,8/14/19 13:41,Main,69.15232512,6475.902678,44.99242021,-73.14993951,-5.4923,8/14/19,13:41:01,25.798,101,8.22,169.5,110,7.72,-1.84,22.11,0.222543404,2.866983238,NA,NA,NA,NA,NA,NA,NA,NA,NA,NA,NA,NA,NA,NA,NA,NA,NA,NA,NA,NA,NA
2019-08-14T17:42:00Z,8/14/19 13:42,Main,70.26963687,6546.172315,44.99304203,-73.14977786,-5.5046,8/14/19,13:42:01,25.568,100.6,8.22,169.5,110,7.72,-1.77,22.32,0.222518132,2.863250326,NA,NA,NA,NA,NA,NA,NA,NA,NA,NA,NA,NA,NA,NA,NA,NA,NA,NA,NA,NA,NA
2019-08-14T17:43:00Z,8/14/19 13:43,Main,75.67738514,6621.8497,44.99370216,-73.14954225,-5.4656,8/14/19,13:43:01,25.532,100.7,8.24,169.8,110,7.73,-1.43,22.27,0.222437285,2.855561216,15.872,0.806,0.074,0.222,0.011,0.002,29.95,0.41952762,0.352,0.01089088,32.751,0.458762908,0.787,0.02434978,2.84,2.854,12.77293624,1192.785358,5.406098741,5.285692639,84.27872415
2019-08-14T17:44:00Z,8/14/19 13:44,Main,69.32258836,6691.172288,44.99430288,-73.14930538,-5.4155,8/14/19,13:44:01,25.683,100.9,8.23,170.3,111,7.72,-1.58,22.12,0.222975685,2.874379193,NA,NA,NA,NA,NA,NA,NA,NA,NA,NA,NA,NA,NA,NA,NA,NA,NA,NA,NA,NA,NA
2019-08-14T17:45:00Z,8/14/19 13:45,Main,66.69791058,6757.870199,44.99488556,-73.1491027,-5.3934,8/14/19,13:45:01,25.864,101.6,8.26,170.7,111,7.72,-1.81,22.16,0.221457653,2.899351071,NA,NA,NA,NA,NA,NA,NA,NA,NA,NA,NA,NA,NA,NA,NA,NA,NA,NA,NA,NA,NA
2019-08-14T17:46:00Z,8/14/19 13:46,Main,70.55965694,6828.429856,44.99551483,-73.14898353,-5.3476,8/14/19,13:46:01,26.518,106.7,8.57,170.3,111,7.85,-1.63,21.54,0.221151119,2.918097429,NA,NA,NA,NA,NA,NA,NA,NA,NA,NA,NA,NA,NA,NA,NA,NA,NA,NA,NA,NA,NA
2019-08-14T17:47:00Z,8/14/19 13:47,Main,74.76220578,6903.192062,44.99615417,-73.14927851,-5.2042,8/14/19,13:47:01,26.595,104.4,8.38,170.7,111,7.76,-1.76,21.34,0.221163228,2.890589352,15.851,1.027,0.075,0.222,0.014,0.002,31.142,0.436224679,0.251,0.00776594,31.481,0.440973256,0.766,0.02370004,2.86,2.885,14.44687783,1180.543023,5.996029518,8.353243278,85.34457194
2019-08-14T17:48:00Z,8/14/19 13:48,Main,70.34322329,6973.535285,44.99673132,-73.14964484,-5.2003,8/14/19,13:48:01,26.578,108.3,8.7,170.4,111,7.76,-1.85,21.68,0.217495005,2.931253574,NA,NA,NA,NA,NA,NA,NA,NA,NA,NA,NA,NA,NA,NA,NA,NA,NA,NA,NA,NA,NA
2019-08-14T17:49:00Z,8/14/19 13:49,Main,65.87614688,7039.411432,44.99722076,-73.15011615,-5.1667,8/14/19,13:49:01,26.957,104.4,8.32,170.7,111,7.77,-1.89,21.45,0.218828775,2.92463813,NA,NA,NA,NA,NA,NA,NA,NA,NA,NA,NA,NA,NA,NA,NA,NA,NA,NA,NA,NA,NA
2019-08-14T17:50:00Z,8/14/19 13:50,Main,65.76054546,7105.171977,44.99763856,-73.15070674,-5.0979,8/14/19,13:50:01,27.021,104.1,8.29,170.9,111,7.78,-1.96,21.04,0.219375078,2.914356153,NA,NA,NA,NA,NA,NA,NA,NA,NA,NA,NA,NA,NA,NA,NA,NA,NA,NA,NA,NA,NA
2019-08-14T17:51:00Z,8/14/19 13:51,Main,67.54238145,7172.714359,44.99809243,-73.15127643,-5.0374,8/14/19,13:51:01,26.992,104.9,8.36,170.8,111,7.82,-1.72,21.41,0.223030753,2.905228347,15.712,1.171,0.077,0.22,0.016,0.002,29.95,0.41952762,0.24,0.0074256,33.54,0.469814904,0.788,0.02438072,0,3.032,13.3286033,1156.953839,5.316314748,8.974437892,81.45447382
2019-08-14T17:52:00Z,8/14/19 13:52,Main,65.09366534,7237.808024,44.99856496,-73.15176427,-4.9899,8/14/19,13:52:01,26.424,102.9,8.28,170.7,111,7.77,-1.68,21.45,0.220672947,2.887669944,NA,NA,NA,NA,NA,NA,NA,NA,NA,NA,NA,NA,NA,NA,NA,NA,NA,NA,NA,NA,NA
2019-08-14T17:53:00Z,8/14/19 13:53,Main,67.59967899,7305.407703,44.99908193,-73.15221607,-5.0023,8/14/19,13:53:01,26.489,103.4,8.31,170.7,111,7.76,-1.66,21.51,0.219964997,2.885316378,NA,NA,NA,NA,NA,NA,NA,NA,NA,NA,NA,NA,NA,NA,NA,NA,NA,NA,NA,NA,NA
2019-08-14T17:54:00Z,8/14/19 13:54,Main,70.2759984,7375.683701,44.99967756,-73.15251541,-4.8972,8/14/19,13:54:01,26.529,104.5,8.39,170.7,111,7.76,-1.64,21.63,0.222699685,2.898011284,NA,NA,NA,NA,NA,NA,NA,NA,NA,NA,NA,NA,NA,NA,NA,NA,NA,NA,NA,NA,NA
2019-08-14T17:55:00Z,8/14/19 13:55,Main,71.14721918,7446.830921,45.00030913,-73.15266317,-5.1255,8/14/19,13:55:01,27.122,110.3,8.76,170.8,111,7.99,-1.55,21.62,0.218350338,2.920222636,14.994,1.194,0.087,0.21,0.017,0.003,29.336,0.410926954,0.246,0.00761124,33.659,0.471481808,0.812,0.02512328,0.96,2.904,20.97527864,1103.424927,8.099966288,7.728219719,107.6083641
2019-08-14T17:56:00Z,8/14/19 13:56,Main,70.71973695,7517.550658,45.00093538,-73.1528224,-5.1378,8/14/19,13:56:01,26.603,104.4,8.37,171.1,111,7.81,-1.71,21.51,0.221635551,2.904204191,NA,NA,NA,NA,NA,NA,NA,NA,NA,NA,NA,NA,NA,NA,NA,NA,NA,NA,NA,NA,NA
2019-08-14T17:57:00Z,8/14/19 13:57,Main,73.68134351,7591.232001,45.0015675,-73.15310429,-5.5125,8/14/19,13:57:01,26.233,102.3,8.26,170.9,111,7.74,-1.66,21.55,0.222133757,2.895002552,NA,NA,NA,NA,NA,NA,NA,NA,NA,NA,NA,NA,NA,NA,NA,NA,NA,NA,NA,NA,NA
2019-08-14T17:58:00Z,8/14/19 13:58,Main,74.99638221,7666.228383,45.00215398,-73.15357485,-5.4021,8/14/19,13:58:01,26.444,103,8.29,170.9,111,7.76,-1.64,21.75,0.224623115,2.917679479,NA,NA,NA,NA,NA,NA,NA,NA,NA,NA,NA,NA,NA,NA,NA,NA,NA,NA,NA,NA,NA
2019-08-14T17:59:00Z,8/14/19 13:59,Main,72.3529431,7738.581326,45.00270848,-73.15405576,-5.4733,8/14/19,13:59:01,27.078,105.7,8.41,171.2,111,7.81,-1.61,21.54,0.221677501,2.93446827,15.956,1.479,0.087,0.223,0.021,0.003,29.872,0.418435027,0.264,0.00816816,36.543,0.511879727,0.858,0.02654652,1.9,2.875,16.80150055,1159.911785,6.806453593,10.42697145,108.1554193
2019-08-14T18:00:00Z,8/14/19 14:00,Main,73.9414588,7812.522785,45.00321452,-73.15466465,-5.4196,8/14/19,14:00:01,27.411,107.5,8.51,171.1,111,7.91,-1.82,21.51,0.221844307,2.944348781,NA,NA,NA,NA,NA,NA,NA,NA,NA,NA,NA,NA,NA,NA,NA,NA,NA,NA,NA,NA,NA
2019-08-14T18:01:00Z,8/14/19 14:01,Main,69.47046606,7881.993251,45.00368543,-73.15524414,-5.3934,8/14/19,14:01:01,27.536,105.8,8.35,171.5,111,7.83,-1.87,20.29,0.222078285,2.958127813,NA,NA,NA,NA,NA,NA,NA,NA,NA,NA,NA,NA,NA,NA,NA,NA,NA,NA,NA,NA,NA
2019-08-14T18:02:00Z,8/14/19 14:02,Main,68.31735817,7950.310609,45.00408051,-73.15590802,-5.3457,8/14/19,14:02:01,27.583,106.4,8.38,171.5,111,7.84,-1.87,20.67,0.221784312,2.944585262,NA,NA,NA,NA,NA,NA,NA,NA,NA,NA,NA,NA,NA,NA,NA,NA,NA,NA,NA,NA,NA
2019-08-14T18:03:00Z,8/14/19 14:03,Main,70.81448136,8021.125091,45.00442411,-73.15666444,-5.3117,8/14/19,14:03:01,27.296,104.5,8.28,171.4,111,7.78,-1.91,20.55,0.224225907,2.927367186,16.175,1.357,0.106,0.227,0.019,0.003,32.423,0.454168415,0.239,0.00739466,34.231,0.479494156,0.771,0.02385474,0.97,2.965,14.24928591,1170.466569,5.142529622,8.860053587,91.78845362
2019-08-14T18:04:00Z,8/14/19 14:04,Main,65.86768416,8086.992775,45.00465081,-73.15743636,-5.2719,8/14/19,14:04:01,26.952,104.6,8.34,171.1,111,7.77,-1.79,20.84,0.224533744,2.91110542,NA,NA,NA,NA,NA,NA,NA,NA,NA,NA,NA,NA,NA,NA,NA,NA,NA,NA,NA,NA,NA
2019-08-14T18:05:00Z,8/14/19 14:05,Main,70.15322378,8157.145999,45.0049124,-73.15824618,-5.2129,8/14/19,14:05:01,26.853,104.2,8.33,171.1,111,7.75,-1.83,21.08,0.223340489,2.911728398,NA,NA,NA,NA,NA,NA,NA,NA,NA,NA,NA,NA,NA,NA,NA,NA,NA,NA,NA,NA,NA
2019-08-14T18:06:00Z,8/14/19 14:06,Main,69.32735736,8226.473356,45.00519304,-73.15903152,-5.1822,8/14/19,14:06:01,26.798,105.3,8.42,171,111,7.78,-1.73,21.5,0.222258594,2.932491396,NA,NA,NA,NA,NA,NA,NA,NA,NA,NA,NA,NA,NA,NA,NA,NA,NA,NA,NA,NA,NA
2019-08-14T18:07:00Z,8/14/19 14:07,Main,73.42835779,8299.901714,45.00549512,-73.15985985,-5.1532,8/14/19,14:07:01,26.928,104.1,8.3,171.2,111,7.77,-1.92,20.93,0.224408532,2.921542371,15.967,1.322,0.076,0.224,0.019,0.002,30.948,0.433507205,0.224,0.00693056,32.737,0.458566801,0.677,0.02094638,2.13,2.913,13.72501966,1186.971331,6.514314086,7.156853666,86.49143459
2019-08-14T18:08:00Z,8/14/19 14:08,Main,74.1962934,8374.098007,45.00572204,-73.16074493,-5.1355,8/14/19,14:08:01,26.916,103.1,8.23,171.4,111,7.75,-1.92,20.74,0.226387373,2.91302333,NA,NA,NA,NA,NA,NA,NA,NA,NA,NA,NA,NA,NA,NA,NA,NA,NA,NA,NA,NA,NA
2019-08-14T18:09:00Z,8/14/19 14:09,Main,73.94380994,8448.041817,45.00589859,-73.16164922,-5.0914,8/14/19,14:09:01,26.474,103.5,8.33,171.1,111,7.75,-1.84,21.18,0.225317739,2.910174235,NA,NA,NA,NA,NA,NA,NA,NA,NA,NA,NA,NA,NA,NA,NA,NA,NA,NA,NA,NA,NA
2019-08-14T18:10:00Z,8/14/19 14:10,Main,70.22182378,8518.263641,45.0060214,-73.16252294,-5.0743,8/14/19,14:10:01,26.167,102.9,8.32,170.9,111,7.74,-1.79,21.78,0.224014619,2.897908331,NA,NA,NA,NA,NA,NA,NA,NA,NA,NA,NA,NA,NA,NA,NA,NA,NA,NA,NA,NA,NA
2019-08-14T18:11:00Z,8/14/19 14:11,Main,76.14471342,8594.408354,45.00610541,-73.16348148,-5.0443,8/14/19,14:11:01,25.245,98,8.06,170.6,111,7.64,-1.55,23.69,0.223258624,2.874734638,16.168,1.492,0.058,0.226,0.021,0.002,30.574,0.428268362,0.214,0.00662116,33.696,0.47200009,0.768,0.02376192,2.96,2.89,12.90455643,1175.393772,5.419564313,7.820943764,103.1569903
NA,8/14/19 15:30,Dam,NA,-1000,NA,NA,NA,NA,NA,NA,NA,NA,NA,NA,NA,NA,NA,NA,NA,15.468,1.966,0.126,0.217,0.028,0.004,31.075,0.43528617,0.205,0.0063427,33.45,0.46855422,0.6,0.018564,NA,3.43,NA,NA,NA,NA,NA